node.name,node.url
javascript-algorithms,https://github.com/trekhleb/javascript-algorithms
CS-Notes,https://github.com/CyC2018/CS-Notes
JavaGuide,https://github.com/Snailclimb/JavaGuide
javascript,https://github.com/airbnb/javascript
clean-code-javascript,https://github.com/ryanmcdermott/clean-code-javascript
java-design-patterns,https://github.com/iluwatar/java-design-patterns
mall,https://github.com/macrozheng/mall
advanced-java,https://github.com/doocs/advanced-java
hello-algo,https://github.com/krahets/hello-algo
spring-boot,https://github.com/spring-projects/spring-boot
elasticsearch,https://github.com/elastic/elasticsearch
funNLP,https://github.com/fighting41love/funNLP
interviews,https://github.com/kdn251/interviews
javascript-questions,https://github.com/lydiahallie/javascript-questions
Java,https://github.com/TheAlgorithms/Java
leetcode,https://github.com/azl397985856/leetcode
guava,https://github.com/google/guava
RxJava,https://github.com/ReactiveX/RxJava
leetcode-master,https://github.com/youngyangyang04/leetcode-master
okhttp,https://github.com/square/okhttp
retrofit,https://github.com/square/retrofit
30-Days-Of-JavaScript,https://github.com/Asabeneh/30-Days-Of-JavaScript
dubbo,https://github.com/apache/dubbo
awesome-java,https://github.com/akullpp/awesome-java
jadx,https://github.com/skylot/jadx
spark,https://github.com/apache/spark
jeecg-boot,https://github.com/jeecgboot/jeecg-boot
MPAndroidChart,https://github.com/PhilJay/MPAndroidChart
dbeaver,https://github.com/dbeaver/dbeaver
JavaFamily,https://github.com/AobingJava/JavaFamily
arthas,https://github.com/alibaba/arthas
awesome-javascript,https://github.com/sorrycc/awesome-javascript
zxing,https://github.com/zxing/zxing
spring-boot-demo,https://github.com/xkcoding/spring-boot-demo
appsmith,https://github.com/appsmithorg/appsmith
jQuery-File-Upload,https://github.com/blueimp/jQuery-File-Upload
JavaScript,https://github.com/TheAlgorithms/JavaScript
easyexcel,https://github.com/alibaba/easyexcel
ray,https://github.com/ray-project/ray
p3c,https://github.com/alibaba/p3c
spring-boot-examples,https://github.com/ityouknow/spring-boot-examples
selenium,https://github.com/SeleniumHQ/selenium
leakcanary,https://github.com/square/leakcanary
leetcode,https://github.com/doocs/leetcode
hutool,https://github.com/dromara/hutool
linkedin-skill-assessments-quizzes,https://github.com/Ebazhanov/linkedin-skill-assessments-quizzes
GitHubDaily,https://github.com/GitHubDaily/GitHubDaily
spring-cloud-alibaba,https://github.com/alibaba/spring-cloud-alibaba
JCSprout,https://github.com/crossoverJie/JCSprout
ResumeSample,https://github.com/geekcompany/ResumeSample
JavaScript30,https://github.com/wesbos/JavaScript30
xxl-job,https://github.com/xuxueli/xxl-job
fastjson,https://github.com/alibaba/fastjson
xgboost,https://github.com/dmlc/xgboost
toBeTopJavaer,https://github.com/hollischuang/toBeTopJavaer
EventBus,https://github.com/greenrobot/EventBus
NativeScript,https://github.com/NativeScript/NativeScript
javascript-testing-best-practices,https://github.com/goldbergyoni/javascript-testing-best-practices
flink,https://github.com/apache/flink
gson,https://github.com/google/gson
libgdx,https://github.com/libgdx/libgdx
redisson,https://github.com/redisson/redisson
en.javascript.info,https://github.com/javascript-tutorial/en.javascript.info
jenkins,https://github.com/jenkinsci/jenkins
flatbuffers,https://github.com/google/flatbuffers
Sentinel,https://github.com/alibaba/Sentinel
IntelliJ-IDEA-Tutorial,https://github.com/judasn/IntelliJ-IDEA-Tutorial
javascript-interview-questions,https://github.com/sudheerj/javascript-interview-questions
ExoPlayer,https://github.com/google/ExoPlayer
generator-jhipster,https://github.com/jhipster/generator-jhipster
Mindustry,https://github.com/Anuken/Mindustry
Stirling-PDF,https://github.com/Stirling-Tools/Stirling-PDF
rocketmq,https://github.com/apache/rocketmq
graal,https://github.com/oracle/graal
mybatis-3,https://github.com/mybatis/mybatis-3
HikariCP,https://github.com/brettwooldridge/HikariCP
You-Dont-Need-JavaScript,https://github.com/you-dont-need/You-Dont-Need-JavaScript
athena,https://github.com/ZhongFuCheng3y/athena
cat,https://github.com/dianping/cat
CS-Books,https://github.com/forthespada/CS-Books
jdk,https://github.com/openjdk/jdk
CNTK,https://github.com/microsoft/CNTK
awesome-cs-books,https://github.com/imarvinle/awesome-cs-books
disruptor,https://github.com/LMAX-Exchange/disruptor
java8-tutorial,https://github.com/winterbe/java8-tutorial
OnJava8,https://github.com/lingcoder/OnJava8
antlr4,https://github.com/antlr/antlr4
gradle,https://github.com/gradle/gradle
analysis-ik,https://github.com/infinilabs/analysis-ik
libphonenumber,https://github.com/google/libphonenumber
SmartTube,https://github.com/yuliskov/SmartTube
ip2region,https://github.com/lionsoul2014/ip2region
Grasscutter,https://github.com/Grasscutters/Grasscutter
presto,https://github.com/prestodb/presto
thingsboard,https://github.com/thingsboard/thingsboard
Android-CleanArchitecture,https://github.com/android10/Android-CleanArchitecture
awesome-java-cn,https://github.com/jobbole/awesome-java-cn
Sa-Token,https://github.com/dromara/Sa-Token
DSA-Bootcamp-Java,https://github.com/kunal-kushwaha/DSA-Bootcamp-Java
caffeine,https://github.com/ben-manes/caffeine
complete-javascript-course,https://github.com/jonasschmedtmann/complete-javascript-course
infer,https://github.com/facebook/infer
mockito,https://github.com/mockito/mockito
bytecode-viewer,https://github.com/Konloch/bytecode-viewer
WebViewJavascriptBridge,https://github.com/marcuswestin/WebViewJavascriptBridge
Sourcetrail,https://github.com/CoatiSoftware/Sourcetrail
vert.x,https://github.com/eclipse-vertx/vert.x
logstash,https://github.com/elastic/logstash
Android,https://github.com/open-android/Android
mirai,https://github.com/mamoe/mirai
technology-talk,https://github.com/aalansehaiyang/technology-talk
logger,https://github.com/orhanobut/logger
airbyte,https://github.com/airbytehq/airbyte
jd-gui,https://github.com/java-decompiler/jd-gui
tink,https://github.com/tink-crypto/tink
deeplearning4j,https://github.com/deeplearning4j/deeplearning4j
questdb,https://github.com/questdb/questdb
jib,https://github.com/GoogleContainerTools/jib
tech-interview-for-developer,https://github.com/gyoogle/tech-interview-for-developer
guiadevbrasil,https://github.com/arthurspk/guiadevbrasil
quarkus,https://github.com/quarkusio/quarkus
LearningNotes,https://github.com/francistao/LearningNotes
conductor,https://github.com/Netflix/conductor
javascript-obfuscator,https://github.com/javascript-obfuscator/javascript-obfuscator
lombok,https://github.com/projectlombok/lombok
playframework,https://github.com/playframework/playframework
CS-Base,https://github.com/xiaolincoder/CS-Base
guice,https://github.com/google/guice
RxTool,https://github.com/Tamsiree/RxTool
Java,https://github.com/DuGuQiuBai/Java
spring-boot-admin,https://github.com/codecentric/spring-boot-admin
zookeeper,https://github.com/apache/zookeeper
supertokens-core,https://github.com/supertokens/supertokens-core
dex2jar,https://github.com/pxb1988/dex2jar
uCrop,https://github.com/Yalantis/uCrop
toBeBetterJavaer,https://github.com/itwanger/toBeBetterJavaer
MaterialDrawer,https://github.com/mikepenz/MaterialDrawer
jedis,https://github.com/redis/jedis
labs,https://github.com/docker/labs
recyclerview-animators,https://github.com/wasabeef/recyclerview-animators
realm-java,https://github.com/realm/realm-java
fullstack-tutorial,https://github.com/frank-lam/fullstack-tutorial
quicktype,https://github.com/glideapps/quicktype
chat,https://github.com/tinode/chat
mall-swarm,https://github.com/macrozheng/mall-swarm
webmagic,https://github.com/code4craft/webmagic
PermissionsDispatcher,https://github.com/permissions-dispatcher/PermissionsDispatcher
CS-Book,https://github.com/iamshuaidi/CS-Book
CtCI-6th-Edition,https://github.com/careercup/CtCI-6th-Edition
grpc-java,https://github.com/grpc/grpc-java
androidannotations,https://github.com/androidannotations/androidannotations
capacitor,https://github.com/ionic-team/capacitor
awesome-kotlin,https://github.com/KotlinBy/awesome-kotlin
newbee-mall,https://github.com/newbee-ltd/newbee-mall
javapoet,https://github.com/square/javapoet
CodeGuide,https://github.com/fuzhengwei/CodeGuide
android-async-http,https://github.com/android-async-http/android-async-http
Ehviewer_CN_SXJ,https://github.com/xiaojieonly/Ehviewer_CN_SXJ
cas,https://github.com/apereo/cas
graphql-code-generator,https://github.com/dotansimha/graphql-code-generator
algorithm-base,https://github.com/chefyuan/algorithm-base
cryptomator,https://github.com/cryptomator/cryptomator
jsoup,https://github.com/jhy/jsoup
tiled,https://github.com/mapeditor/tiled
OpenRefine,https://github.com/OpenRefine/OpenRefine
TabNine,https://github.com/codota/TabNine
auto,https://github.com/google/auto
Java-WebSocket,https://github.com/TooTallNate/Java-WebSocket
jvm,https://github.com/doocs/jvm
The-Complete-FAANG-Preparation,https://github.com/AkashSingh3031/The-Complete-FAANG-Preparation
Activiti,https://github.com/Activiti/Activiti
glide-transformations,https://github.com/wasabeef/glide-transformations
jjwt,https://github.com/jwtk/jjwt
mal,https://github.com/kanaka/mal
kkFileView,https://github.com/kekingcn/kkFileView
dtm,https://github.com/dtm-labs/dtm
semgrep,https://github.com/semgrep/semgrep
spark,https://github.com/perwendel/spark
JsBridge,https://github.com/lzyzsd/JsBridge
spring-boot-api-project-seed,https://github.com/lihengming/spring-boot-api-project-seed
moshi,https://github.com/square/moshi
plantuml,https://github.com/plantuml/plantuml
trino,https://github.com/trinodb/trino
leetcode-patterns,https://github.com/seanprashad/leetcode-patterns
CoreNLP,https://github.com/stanfordnlp/CoreNLP
javascript-patterns,https://github.com/chuanxshi/javascript-patterns
pkl,https://github.com/apple/pkl
feign,https://github.com/OpenFeign/feign
zh.javascript.info,https://github.com/javascript-tutorial/zh.javascript.info
Some-Many-Books,https://github.com/Dujltqzv/Some-Many-Books
computer-science-in-javascript,https://github.com/humanwhocodes/computer-science-in-javascript
android-gpuimage,https://github.com/cats-oss/android-gpuimage
aws-doc-sdk-examples,https://github.com/awsdocs/aws-doc-sdk-examples
finagle,https://github.com/twitter/finagle
Paper,https://github.com/PaperMC/Paper
awesome-java-leetcode,https://github.com/Blankj/awesome-java-leetcode
okio,https://github.com/square/okio
javascript-state-machine,https://github.com/jakesgordon/javascript-state-machine
awesome-java,https://github.com/CodingDocs/awesome-java
JsonPath,https://github.com/json-path/JsonPath
buck,https://github.com/facebook/buck
OpenSearch,https://github.com/opensearch-project/OpenSearch
junit4,https://github.com/junit-team/junit4
cassandra,https://github.com/apache/cassandra
Linux-Tutorial,https://github.com/judasn/Linux-Tutorial
dropwizard,https://github.com/dropwizard/dropwizard
BottomBar,https://github.com/roughike/BottomBar
cachecloud,https://github.com/sohutv/cachecloud
organicmaps,https://github.com/organicmaps/organicmaps
spring-security,https://github.com/spring-projects/spring-security
shenyu,https://github.com/apache/shenyu
hsweb-framework,https://github.com/hs-web/hsweb-framework
lawnchair,https://github.com/LawnchairLauncher/lawnchair
jna,https://github.com/java-native-access/jna
MaterialViewPager,https://github.com/florent37/MaterialViewPager
checkstyle,https://github.com/checkstyle/checkstyle
craftinginterpreters,https://github.com/munificent/craftinginterpreters
xManager,https://github.com/Team-xManager/xManager
jeesite,https://github.com/thinkgem/jeesite
jmeter,https://github.com/apache/jmeter
javascript-algorithms,https://github.com/mgechev/javascript-algorithms
metrics,https://github.com/dropwizard/metrics
cadence,https://github.com/uber/cadence
flyway,https://github.com/flyway/flyway
testcontainers-java,https://github.com/testcontainers/testcontainers-java
catboost,https://github.com/catboost/catboost
awesome-javascript-cn,https://github.com/jobbole/awesome-javascript-cn
Books-Free-Books,https://github.com/lTbgykio/Books-Free-Books
vjtools,https://github.com/vipshop/vjtools
sentry-javascript,https://github.com/getsentry/sentry-javascript
RxJava-Android-Samples,https://github.com/kaushikgopal/RxJava-Android-Samples
dsa.js-data-structures-algorithms-javascript,https://github.com/amejiarosario/dsa.js-data-structures-algorithms-javascript
android-classyshark,https://github.com/google/android-classyshark
beam,https://github.com/apache/beam
Shizuku,https://github.com/RikkaApps/Shizuku
Piped,https://github.com/TeamPiped/Piped
botframework-sdk,https://github.com/microsoft/botframework-sdk
swagger-core,https://github.com/swagger-api/swagger-core
conductor,https://github.com/conductor-oss/conductor
flowable-engine,https://github.com/flowable/flowable-engine
dagger,https://github.com/square/dagger
Android-Bootstrap,https://github.com/Bearded-Hen/Android-Bootstrap
tomcat,https://github.com/apache/tomcat
javacv,https://github.com/bytedeco/javacv
uhabits,https://github.com/iSoron/uhabits
UltimateRecyclerView,https://github.com/cymcsg/UltimateRecyclerView
ysoserial,https://github.com/frohoff/ysoserial
transmittable-thread-local,https://github.com/alibaba/transmittable-thread-local
javalin,https://github.com/javalin/javalin
useful-scripts,https://github.com/oldratlee/useful-scripts
must-watch-javascript,https://github.com/AllThingsSmitty/must-watch-javascript
async-profiler,https://github.com/async-profiler/async-profiler
aeron,https://github.com/real-logic/aeron
vosk-api,https://github.com/alphacep/vosk-api
GmsCore,https://github.com/microg/GmsCore
nanohttpd,https://github.com/NanoHttpd/nanohttpd
mapstruct,https://github.com/mapstruct/mapstruct
flutter-examples,https://github.com/nisrulz/flutter-examples
javascript-in-one-pic,https://github.com/rainyear/javascript-in-one-pic
error-prone,https://github.com/google/error-prone
rest-assured,https://github.com/rest-assured/rest-assured
h2o-3,https://github.com/h2oai/h2o-3
MinecraftForge,https://github.com/MinecraftForge/MinecraftForge
netty-socketio,https://github.com/mrniko/netty-socketio
baritone,https://github.com/cabaletta/baritone
JavaTutorial,https://github.com/h2pl/JavaTutorial
beginner-javascript,https://github.com/wesbos/beginner-javascript
processing,https://github.com/processing/processing
ansj_seg,https://github.com/NLPchina/ansj_seg
PowerJob,https://github.com/PowerJob/PowerJob
YCBlogs,https://github.com/yangchong211/YCBlogs
zeppelin,https://github.com/apache/zeppelin
JFoenix,https://github.com/sshahine/JFoenix
gatling,https://github.com/gatling/gatling
async-http-client,https://github.com/AsyncHttpClient/async-http-client
awesome-java-books,https://github.com/sorenduan/awesome-java-books
xdm,https://github.com/subhra74/xdm
jsonschema2pojo,https://github.com/joelittlejohn/jsonschema2pojo
springcloud-learning,https://github.com/macrozheng/springcloud-learning
junit5,https://github.com/junit-team/junit5
itstack-demo-design,https://github.com/fuzhengwei/itstack-demo-design
awesome-test-automation,https://github.com/atinfo/awesome-test-automation
from-java-to-kotlin,https://github.com/amitshekhariitbhu/from-java-to-kotlin
kryo,https://github.com/EsotericSoftware/kryo
wiremock,https://github.com/wiremock/wiremock
graphql-java,https://github.com/graphql-java/graphql-java
material,https://github.com/rey5137/material
Java-Interview,https://github.com/gzc426/Java-Interview
byte-buddy,https://github.com/raphw/byte-buddy
j2objc,https://github.com/google/j2objc
micronaut-core,https://github.com/micronaut-projects/micronaut-core
material-calendarview,https://github.com/prolificinteractive/material-calendarview
springfox,https://github.com/springfox/springfox
ssm,https://github.com/liyifeng1994/ssm
jOOQ,https://github.com/jOOQ/jOOQ
hazelcast,https://github.com/hazelcast/hazelcast
robolectric,https://github.com/robolectric/robolectric
DiskLruCache,https://github.com/JakeWharton/DiskLruCache
better-java,https://github.com/cxxr/better-java
useful-java-links,https://github.com/Vedenin/useful-java-links
bestJavaer,https://github.com/crisxuan/bestJavaer
hibernate-orm,https://github.com/hibernate/hibernate-orm
tcc-transaction,https://github.com/changmingxie/tcc-transaction
btrace,https://github.com/btraceio/btrace
incubator-kie-drools,https://github.com/apache/incubator-kie-drools
gephi,https://github.com/gephi/gephi
java-jwt,https://github.com/auth0/java-jwt
PojavLauncher,https://github.com/PojavLauncherTeam/PojavLauncher
concurrent-ruby,https://github.com/ruby-concurrency/concurrent-ruby
mall4cloud,https://github.com/gz-yami/mall4cloud
Blurry,https://github.com/wasabeef/Blurry
java-books-collections,https://github.com/RongleXie/java-books-collections
lanproxy,https://github.com/ffay/lanproxy
Recaf,https://github.com/Col-E/Recaf
vavr,https://github.com/vavr-io/vavr
mosby,https://github.com/sockeqwe/mosby
Aria,https://github.com/AriaLyy/Aria
Alerter,https://github.com/Tapadoo/Alerter
algodeck,https://github.com/teivah/algodeck
rebound,https://github.com/facebookarchive/rebound
jenv,https://github.com/jenv/jenv
scribejava,https://github.com/scribejava/scribejava
google-java-format,https://github.com/google/google-java-format
JimuReport,https://github.com/jeecgboot/JimuReport
camerakit-android,https://github.com/CameraKit/camerakit-android
gradle-retrolambda,https://github.com/evant/gradle-retrolambda
lamp-cloud,https://github.com/dromara/lamp-cloud
hive,https://github.com/apache/hive
vespa,https://github.com/vespa-engine/vespa
camel,https://github.com/apache/camel
rundeck,https://github.com/rundeck/rundeck
JavaScript-Algorithms,https://github.com/sisterAn/JavaScript-Algorithms
socket.io-client-java,https://github.com/socketio/socket.io-client-java
lettuce,https://github.com/redis/lettuce
MobileIMSDK,https://github.com/JackJiang2011/MobileIMSDK
Side-Menu.Android,https://github.com/Yalantis/Side-Menu.Android
RuoYi,https://github.com/yangzongzhuan/RuoYi
WukongCRM-11.0-JAVA,https://github.com/WuKongOpenSource/WukongCRM-11.0-JAVA
javaparser,https://github.com/javaparser/javaparser
gaia,https://github.com/gaia-pipeline/gaia
spring-boot-projects,https://github.com/ZHENFENG13/spring-boot-projects
Android-Iconics,https://github.com/mikepenz/Android-Iconics
stackoverflow-java-top-qa,https://github.com/giantray/stackoverflow-java-top-qa
hippo4j,https://github.com/opengoofy/hippo4j
java-eight-part,https://github.com/CoderLeixiaoshuai/java-eight-part
awesome-javascript-learning,https://github.com/micromata/awesome-javascript-learning
pinot,https://github.com/apache/pinot
hbase,https://github.com/apache/hbase
eloquente-javascript,https://github.com/braziljs/eloquente-javascript
JAVA,https://github.com/singgel/JAVA
williamchart,https://github.com/diogobernardino/williamchart
codefather,https://github.com/liyupi/codefather
leetcode,https://github.com/qiyuangong/leetcode
AmazeFileManager,https://github.com/TeamAmaze/AmazeFileManager
dialogplus,https://github.com/orhanobut/dialogplus
FAQGURU,https://github.com/FAQGURU/FAQGURU
thumbnailator,https://github.com/coobird/thumbnailator
jetlinks-community,https://github.com/jetlinks/jetlinks-community
joda-time,https://github.com/JodaOrg/joda-time
RxJava2-Android-Samples,https://github.com/amitshekhariitbhu/RxJava2-Android-Samples
bank_interview,https://github.com/sty945/bank_interview
spring-reading,https://github.com/xuchengsheng/spring-reading
web3j,https://github.com/web3j/web3j
InterviewGuide,https://github.com/forthespada/InterviewGuide
JSqlParser,https://github.com/JSQLParser/JSqlParser
Luyten,https://github.com/deathmarine/Luyten
folding-cell-android,https://github.com/Ramotion/folding-cell-android
tale,https://github.com/otale/tale
protoactor-go,https://github.com/asynkron/protoactor-go
bitcoinj,https://github.com/bitcoinj/bitcoinj
1brc,https://github.com/gunnarmorling/1brc
spring-cloud-netflix,https://github.com/spring-cloud/spring-cloud-netflix
Awesome-RxJava,https://github.com/lzyzsd/Awesome-RxJava
java-interview,https://github.com/enhorse/java-interview
packer-ng-plugin,https://github.com/mcxiaoke/packer-ng-plugin
mapdb,https://github.com/jankotek/mapdb
gpmall,https://github.com/2227324689/gpmall
C-C-,https://github.com/tangtangcoding/C-C-
shopping-management-system,https://github.com/zhanglei-workspace/shopping-management-system
123-Essential-JavaScript-Interview-Questions,https://github.com/ganqqwerty/123-Essential-JavaScript-Interview-Questions
jetcache,https://github.com/alibaba/jetcache
QR-Code-generator,https://github.com/nayuki/QR-Code-generator
traccar,https://github.com/traccar/traccar
easy-rules,https://github.com/j-easy/easy-rules
retos-programacion-2023,https://github.com/mouredev/retos-programacion-2023
cglib,https://github.com/cglib/cglib
interview,https://github.com/hadyang/interview
android-tips-tricks,https://github.com/nisrulz/android-tips-tricks
picocli,https://github.com/remkop/picocli
GmSSL,https://github.com/guanzhi/GmSSL
MusicBot,https://github.com/jagrosh/MusicBot
reflections,https://github.com/ronmamo/reflections
lsp-mode,https://github.com/emacs-lsp/lsp-mode
Spring-Boot-In-Action,https://github.com/hansonwang99/Spring-Boot-In-Action
graphhopper,https://github.com/graphhopper/graphhopper
pmd,https://github.com/pmd/pmd
practical-programming-books,https://github.com/EZLippi/practical-programming-books
novel,https://github.com/201206030/novel
JAViewer,https://github.com/SplashCodes/JAViewer
bisq,https://github.com/bisq-network/bisq
lwjgl3,https://github.com/LWJGL/lwjgl3
JavaScript-MD5,https://github.com/blueimp/JavaScript-MD5
querydsl,https://github.com/querydsl/querydsl
quasar,https://github.com/puniverse/quasar
JavaInterview,https://github.com/hello-java-maker/JavaInterview
java-faker,https://github.com/DiUS/java-faker
QLExpress,https://github.com/alibaba/QLExpress
JGrowing,https://github.com/javagrowing/JGrowing
javascript-datastructures-algorithms,https://github.com/loiane/javascript-datastructures-algorithms
Java-Interview,https://github.com/xbox1994/Java-Interview
openai-java,https://github.com/TheoKanning/openai-java
small-spring,https://github.com/fuzhengwei/small-spring
crawler4j,https://github.com/yasserg/crawler4j
LeetCode-Book,https://github.com/krahets/LeetCode-Book
autorest,https://github.com/Azure/autorest
DesignPattern,https://github.com/youlookwhat/DesignPattern
microservices-platform,https://github.com/zlt2000/microservices-platform
JSON-java,https://github.com/stleary/JSON-java
mockserver,https://github.com/mock-server/mockserver
ToolGood.Words,https://github.com/toolgood/ToolGood.Words
oshi,https://github.com/oshi/oshi
JavaScript-Load-Image,https://github.com/blueimp/JavaScript-Load-Image
esProc,https://github.com/SPLWare/esProc
Geyser,https://github.com/GeyserMC/Geyser
java-algorithms-implementation,https://github.com/phishman3579/java-algorithms-implementation
GCViewer,https://github.com/chewiebug/GCViewer
lucene-solr,https://github.com/apache/lucene-solr
liquibase,https://github.com/liquibase/liquibase
leet-code,https://github.com/awangdev/leet-code
javacpp,https://github.com/bytedeco/javacpp
Awesome-Android-Interview,https://github.com/JsonChao/Awesome-Android-Interview
ForestBlog,https://github.com/saysky/ForestBlog
simplify,https://github.com/CalebFenton/simplify
spring-cloud-gateway,https://github.com/spring-cloud/spring-cloud-gateway
nifi,https://github.com/apache/nifi
Java-concurrency,https://github.com/CL0610/Java-concurrency
mall4j,https://github.com/gz-yami/mall4j
mapbox-gl-native,https://github.com/mapbox/mapbox-gl-native
epic,https://github.com/tiann/epic
TelegramBots,https://github.com/rubenlagus/TelegramBots
calcite,https://github.com/apache/calcite
concurrent,https://github.com/RedSpider1/concurrent
micrometer,https://github.com/micrometer-metrics/micrometer
intellij-rainbow-brackets,https://github.com/izhangzhihao/intellij-rainbow-brackets
objectbox-java,https://github.com/objectbox/objectbox-java
blog_demos,https://github.com/zq2599/blog_demos
shattered-pixel-dungeon,https://github.com/00-Evan/shattered-pixel-dungeon
shiro,https://github.com/apache/shiro
javascript-design-patterns-for-humans,https://github.com/sohamkamani/javascript-design-patterns-for-humans
iotdb,https://github.com/apache/iotdb
--,https://github.com/981011512/--
Conversations,https://github.com/iNPUTmice/Conversations
java-learning,https://github.com/brianway/java-learning
aviatorscript,https://github.com/killme2008/aviatorscript
Ready-For-Tech-Interview,https://github.com/WooVictory/Ready-For-Tech-Interview
wire,https://github.com/square/wire
opengrok,https://github.com/oracle/opengrok
JavaCollection,https://github.com/hansonwang99/JavaCollection
CSBook,https://github.com/iCSToCS/CSBook
FXGL,https://github.com/AlmasB/FXGL
powermock,https://github.com/powermock/powermock
spotless,https://github.com/diffplug/spotless
free-project-course,https://github.com/resumejob/free-project-course
maven,https://github.com/apache/maven
JDA,https://github.com/discord-jda/JDA
Java-Interview-Advanced,https://github.com/shishan100/Java-Interview-Advanced
dragonwell8,https://github.com/dragonwell-project/dragonwell8
failsafe,https://github.com/failsafe-lib/failsafe
javascript-code-challenges,https://github.com/sadanandpai/javascript-code-challenges
aws-sdk-java,https://github.com/aws/aws-sdk-java
jodd,https://github.com/oblac/jodd
spring-boot-starter,https://github.com/mybatis/spring-boot-starter
jitsi,https://github.com/jitsi/jitsi
h2database,https://github.com/h2database/h2database
laragon,https://github.com/leokhoa/laragon
Phoenix,https://github.com/Yalantis/Phoenix
awesome-wasm-langs,https://github.com/appcypher/awesome-wasm-langs
javassist,https://github.com/jboss-javassist/javassist
greys-anatomy,https://github.com/oldmanpushcart/greys-anatomy
vimspector,https://github.com/puremourning/vimspector
jacoco,https://github.com/jacoco/jacoco
open-location-code,https://github.com/google/open-location-code
mastering-modular-javascript,https://github.com/mjavascript/mastering-modular-javascript
clean-code-javascript,https://github.com/felipe-augusto/clean-code-javascript
bistoury,https://github.com/qunarcorp/bistoury
WePush,https://github.com/rememberber/WePush
RxJavaSamples,https://github.com/rengwuxian/RxJavaSamples
rhino,https://github.com/mozilla/rhino
camunda-bpm-platform,https://github.com/camunda/camunda-bpm-platform
lilishop,https://github.com/lilishop/lilishop
spring-boot-best-practice,https://github.com/javastacks/spring-boot-best-practice
tech-weekly,https://github.com/mercyblitz/tech-weekly
JavaHome,https://github.com/whx123/JavaHome
interviewGuide,https://github.com/NotFound9/interviewGuide
chunjun,https://github.com/DTStack/chunjun
android,https://github.com/nextcloud/android
Infinity-For-Reddit,https://github.com/Docile-Alligator/Infinity-For-Reddit
Developer-Books,https://github.com/7-sevens/Developer-Books
poi-tl,https://github.com/Sayi/poi-tl
o2oa,https://github.com/o2oa/o2oa
GDA-android-reversing-Tool,https://github.com/charles2gan/GDA-android-reversing-Tool
Context-Menu.Android,https://github.com/Yalantis/Context-Menu.Android
javascript-tutorial,https://github.com/wangdoc/javascript-tutorial
XposedBridge,https://github.com/rovo89/XposedBridge
dependabot-core,https://github.com/dependabot/dependabot-core
kaitai_struct,https://github.com/kaitai-io/kaitai_struct
djl,https://github.com/deepjavalibrary/djl
effective-java-3e-source-code,https://github.com/jbloch/effective-java-3e-source-code
sofa-rpc,https://github.com/sofastack/sofa-rpc
vim-javascript,https://github.com/pangloss/vim-javascript
mianshiya-public,https://github.com/liyupi/mianshiya-public
XChange,https://github.com/knowm/XChange
jetty.project,https://github.com/jetty/jetty.project
java-developer-roadmap,https://github.com/s4kibs4mi/java-developer-roadmap
lac,https://github.com/baidu/lac
mpush,https://github.com/mpusher/mpush
ru.javascript.info,https://github.com/javascript-tutorial/ru.javascript.info
TinyPinyin,https://github.com/promeG/TinyPinyin
blurkit-android,https://github.com/CameraKit/blurkit-android
ogre,https://github.com/OGRECave/ogre
ASimpleCache,https://github.com/yangfuhai/ASimpleCache
Leetcode,https://github.com/fishercoder1534/Leetcode
jmonkeyengine,https://github.com/jMonkeyEngine/jmonkeyengine
awaitility,https://github.com/awaitility/awaitility
atmosphere,https://github.com/Atmosphere/atmosphere
extism,https://github.com/extism/extism
Play-with-Algorithms,https://github.com/liuyubobobo/Play-with-Algorithms
frege,https://github.com/Frege/frege
Terasology,https://github.com/MovingBlocks/Terasology
ripme,https://github.com/RipMeApp/ripme
ByteLegend,https://github.com/ByteLegend/ByteLegend
xCrash,https://github.com/iqiyi/xCrash
light-4j,https://github.com/networknt/light-4j
cordova-android,https://github.com/apache/cordova-android
interview-questions-in-javascript,https://github.com/kennymkchan/interview-questions-in-javascript
java-tron,https://github.com/tronprotocol/java-tron
javascript-basic-projects,https://github.com/john-smilga/javascript-basic-projects
parceler,https://github.com/johncarl81/parceler
microservices-demo,https://github.com/microservices-demo/microservices-demo
Spotlight,https://github.com/TakuSemba/Spotlight
geoserver,https://github.com/geoserver/geoserver
retrolambda,https://github.com/luontola/retrolambda
drozer,https://github.com/WithSecureLabs/drozer
NullAway,https://github.com/uber/NullAway
bitcoin-wallet,https://github.com/bitcoin-wallet/bitcoin-wallet
My-Blog,https://github.com/ZHENFENG13/My-Blog
Effective-Java-3rd-edition-Chinese-English-bilingual,https://github.com/clxering/Effective-Java-3rd-edition-Chinese-English-bilingual
spock,https://github.com/spockframework/spock
javascript,https://github.com/GitbookIO/javascript
JCTools,https://github.com/JCTools/JCTools
sofa-jraft,https://github.com/sofastack/sofa-jraft
JavaScript-Garden,https://github.com/BonsaiDen/JavaScript-Garden
tablesaw,https://github.com/jtablesaw/tablesaw
libstreaming,https://github.com/fyhertz/libstreaming
AlgoDS,https://github.com/sherxon/AlgoDS
shopizer,https://github.com/shopizer-ecommerce/shopizer
spring-cloud-kubernetes,https://github.com/spring-cloud/spring-cloud-kubernetes
JavaEETest,https://github.com/lenve/JavaEETest
android-hidden-api,https://github.com/anggrayudi/android-hidden-api
chatgpt-java,https://github.com/PlexPt/chatgpt-java
javascript-path,https://github.com/javascript-society/javascript-path
fastjson2,https://github.com/alibaba/fastjson2
jabref,https://github.com/JabRef/jabref
oso,https://github.com/osohq/oso
helidon,https://github.com/helidon-io/helidon
RoaringBitmap,https://github.com/RoaringBitmap/RoaringBitmap
immutables,https://github.com/immutables/immutables
java,https://github.com/kubernetes-client/java
dynamic-tp,https://github.com/dromara/dynamic-tp
Awesome-Android-Notebook,https://github.com/JsonChao/Awesome-Android-Notebook
spotbugs,https://github.com/spotbugs/spotbugs
http-request,https://github.com/kevinsawicki/http-request
JavaSourceCodeLearning,https://github.com/coderbruis/JavaSourceCodeLearning
brigadier,https://github.com/Mojang/brigadier
ffmpeg-android-java,https://github.com/WritingMinds/ffmpeg-android-java
grpc-spring,https://github.com/grpc-ecosystem/grpc-spring
SuperTextView,https://github.com/chenBingX/SuperTextView
red5-server,https://github.com/Red5/red5-server
kubernetes-client,https://github.com/fabric8io/kubernetes-client
PAT,https://github.com/liuchuo/PAT
logging-log4j2,https://github.com/apache/logging-log4j2
leetcode,https://github.com/gouthampradhan/leetcode
incubator-kie-optaplanner,https://github.com/apache/incubator-kie-optaplanner
OpenPDF,https://github.com/LibrePDF/OpenPDF
fernflower,https://github.com/fesh0r/fernflower
tasarim-desenleri-turkce-kaynak,https://github.com/yusufyilmazfr/tasarim-desenleri-turkce-kaynak
android-saripaar,https://github.com/ragunathjawahar/android-saripaar
jfinal,https://github.com/jfinal/jfinal
librec,https://github.com/guoguibing/librec
AxonFramework,https://github.com/AxonFramework/AxonFramework
Aliucord,https://github.com/Aliucord/Aliucord
openj9,https://github.com/eclipse-openj9/openj9
MyPerf4J,https://github.com/LinShunKang/MyPerf4J
javascript,https://github.com/gustavoguanabara/javascript
Java8InAction,https://github.com/java8/Java8InAction
Scarlet,https://github.com/Tinder/Scarlet
awesome-IntelliJ-IDEA,https://github.com/xiaoxiunique/awesome-IntelliJ-IDEA
Awesome-JavaScript-Interviews,https://github.com/rohan-paul/Awesome-JavaScript-Interviews
akhq,https://github.com/tchiotludo/akhq
android-mvp-mvvm-flytour,https://github.com/mxdldev/android-mvp-mvvm-flytour
Chronicle-Queue,https://github.com/OpenHFT/Chronicle-Queue
house,https://github.com/wenbochang888/house
requery,https://github.com/requery/requery
Folia,https://github.com/PaperMC/Folia
javacore,https://github.com/dunwu/javacore
leetcode-linghu-templete,https://github.com/ninechapter-algorithm/leetcode-linghu-templete
spring-cloud-tencent,https://github.com/Tencent/spring-cloud-tencent
learning-note,https://github.com/rbmonster/learning-note
Bastillion,https://github.com/bastillion-io/Bastillion
pants,https://github.com/pantsbuild/pants
practical-modern-javascript,https://github.com/mjavascript/practical-modern-javascript
CtCI-6th-Edition-JavaScript,https://github.com/careercup/CtCI-6th-Edition-JavaScript
curator,https://github.com/apache/curator
KOOM,https://github.com/KwaiAppTeam/KOOM
springdoc-openapi,https://github.com/springdoc/springdoc-openapi
chatgpt-java,https://github.com/Grt1228/chatgpt-java
twitter-text,https://github.com/twitter/twitter-text
Carbon,https://github.com/ZieIony/Carbon
ArchUnit,https://github.com/TNG/ArchUnit
JavaScriptServices,https://github.com/aspnet/JavaScriptServices
WebCollector,https://github.com/CrawlScript/WebCollector
pdfsam,https://github.com/torakiki/pdfsam
google-api-javascript-client,https://github.com/google/google-api-javascript-client
DeepLearning,https://github.com/yusugomori/DeepLearning
jwt-spring-security-demo,https://github.com/szerhusenBC/jwt-spring-security-demo
simple-binary-encoding,https://github.com/real-logic/simple-binary-encoding
AwesomeJavaFX,https://github.com/mhrimaz/AwesomeJavaFX
jitwatch,https://github.com/AdoptOpenJDK/jitwatch
zeebe,https://github.com/camunda/zeebe
light-task-scheduler,https://github.com/ltsopensource/light-task-scheduler
odigos,https://github.com/keyval-dev/odigos
Android,https://github.com/itheima1/Android
java-bible,https://github.com/hellokaton/java-bible
PrettyZoo,https://github.com/vran-dev/PrettyZoo
OnJava8-Examples,https://github.com/BruceEckel/OnJava8-Examples
syncthing-android,https://github.com/syncthing/syncthing-android
WorldEdit,https://github.com/EngineHub/WorldEdit
schemaspy,https://github.com/schemaspy/schemaspy
Java,https://github.com/HelloWorld521/Java
Nuwa,https://github.com/jasonross/Nuwa
dgs-framework,https://github.com/Netflix/dgs-framework
java-code-styles,https://github.com/square/java-code-styles
bluemonday,https://github.com/microcosm-cc/bluemonday
signal-cli,https://github.com/AsamK/signal-cli
Eloquent-JavaScript,https://github.com/marijnh/Eloquent-JavaScript
Java-Deserialization-Cheat-Sheet,https://github.com/GrrrDog/Java-Deserialization-Cheat-Sheet
100ProjectsOfCode,https://github.com/arpit-omprakash/100ProjectsOfCode
javamelody,https://github.com/javamelody/javamelody
MITIE,https://github.com/mit-nlp/MITIE
WordPress-Android,https://github.com/wordpress-mobile/WordPress-Android
logback,https://github.com/qos-ch/logback
jmx_exporter,https://github.com/prometheus/jmx_exporter
spring-data-jpa,https://github.com/spring-projects/spring-data-jpa
spring-data-elasticsearch,https://github.com/spring-projects/spring-data-elasticsearch
binnavi,https://github.com/google/binnavi
CommonDevKnowledge,https://github.com/AweiLoveAndroid/CommonDevKnowledge
guacamole-server,https://github.com/apache/guacamole-server
jabba,https://github.com/shyiko/jabba
RxJava2Examples,https://github.com/nanchen2251/RxJava2Examples
RxGalleryFinal,https://github.com/FinalTeam/RxGalleryFinal
free-programming-resources,https://github.com/liyupi/free-programming-resources
xzs-mysql,https://github.com/mindskip/xzs-mysql
JavaScript-Course-by-Clever-Programmer-,https://github.com/CleverProgrammers/JavaScript-Course-by-Clever-Programmer-
apkstudio,https://github.com/vaibhavpandeyvpz/apkstudio
javascripting,https://github.com/workshopper/javascripting
DEPRECATED-data-structures,https://github.com/williamfiset/DEPRECATED-data-structures
LeetCode-Solutions-in-Good-Style,https://github.com/liweiwei1419/LeetCode-Solutions-in-Good-Style
nutch,https://github.com/apache/nutch
docker-java,https://github.com/docker-java/docker-java
ExpectAnim,https://github.com/florent37/ExpectAnim
Openfire,https://github.com/igniterealtime/Openfire
Algorithms,https://github.com/pedrovgs/Algorithms
serialize-javascript,https://github.com/yahoo/serialize-javascript
ForkHub,https://github.com/jonan/ForkHub
jOOR,https://github.com/jOOQ/jOOR
beakerx,https://github.com/twosigma/beakerx
jasypt-spring-boot,https://github.com/ulisesbocchio/jasypt-spring-boot
soot,https://github.com/soot-oss/soot
Springboot-Notebook,https://github.com/chengxy-nds/Springboot-Notebook
spring,https://github.com/mybatis/spring
webporter,https://github.com/brianway/webporter
Twitter4J,https://github.com/Twitter4J/Twitter4J
javascript,https://github.com/ulid/javascript
SurveyKing,https://github.com/javahuang/SurveyKing
EPIJudge,https://github.com/adnanaziz/EPIJudge
avro,https://github.com/apache/avro
langchain4j,https://github.com/langchain4j/langchain4j
Hydro,https://github.com/hydro-dev/Hydro
weixin-java-tools,https://github.com/chanjarster/weixin-java-tools
CoreLink,https://github.com/lizhangqu/CoreLink
maven-mvnd,https://github.com/apache/maven-mvnd
advanced-programmer,https://github.com/CodingDocs/advanced-programmer
dockerfile-maven,https://github.com/spotify/dockerfile-maven
Phonograph,https://github.com/kabouzeid/Phonograph
AnySoftKeyboard,https://github.com/AnySoftKeyboard/AnySoftKeyboard
GuillotineMenu-Android,https://github.com/Yalantis/GuillotineMenu-Android
agrona,https://github.com/real-logic/agrona
android-developer-roadmap,https://github.com/amitshekhariitbhu/android-developer-roadmap
Awesome-WanAndroid,https://github.com/JsonChao/Awesome-WanAndroid
visualvm,https://github.com/oracle/visualvm
mp4parser,https://github.com/sannies/mp4parser
spring-loaded,https://github.com/spring-projects/spring-loaded
thymeleaf,https://github.com/thymeleaf/thymeleaf
m2cgen,https://github.com/BayesWitnesses/m2cgen
Play-Leetcode,https://github.com/liuyubobobo/Play-Leetcode
codecrumbs,https://github.com/Bogdan-Lyashenko/codecrumbs
truth,https://github.com/google/truth
Slidr,https://github.com/r0adkll/Slidr
FabulousFilter,https://github.com/Krupen/FabulousFilter
iced,https://github.com/icedland/iced
Jailer,https://github.com/Wisser/Jailer
ArgusAPM,https://github.com/Qihoo360/ArgusAPM
java-string-similarity,https://github.com/tdebatty/java-string-similarity
heritrix3,https://github.com/internetarchive/heritrix3
Omni-Notes,https://github.com/federicoiosue/Omni-Notes
cucumber-jvm,https://github.com/cucumber/cucumber-jvm
docker-maven-plugin,https://github.com/spotify/docker-maven-plugin
HackerRank_solutions,https://github.com/RodneyShag/HackerRank_solutions
sqlite-jdbc,https://github.com/xerial/sqlite-jdbc
AndroRAT,https://github.com/karma9874/AndroRAT
jpress,https://github.com/JPressProjects/jpress
fnlp,https://github.com/FudanNLP/fnlp
lagom,https://github.com/lagom/lagom
leetcode,https://github.com/wind-liang/leetcode
pay-java-parent,https://github.com/egzosn/pay-java-parent
classgraph,https://github.com/classgraph/classgraph
portfolio,https://github.com/portfolio-performance/portfolio
ShadowImageView,https://github.com/yingLanNull/ShadowImageView
Design-Patterns-in-Javascript,https://github.com/tcorral/Design-Patterns-in-Javascript
cskefu,https://github.com/cskefu/cskefu
JavaVerbalExpressions,https://github.com/VerbalExpressions/JavaVerbalExpressions
computer-science-in-javascript,https://github.com/benoitvallon/computer-science-in-javascript
skija,https://github.com/JetBrains/skija
books-collection,https://github.com/waylau/books-collection
Study-Floder,https://github.com/singgel/Study-Floder
mongo-java-driver,https://github.com/mongodb/mongo-java-driver
jclasslib,https://github.com/ingokegel/jclasslib
EmojiPackage,https://github.com/getActivity/EmojiPackage
emoji-java,https://github.com/vdurmont/emoji-java
spring-batch,https://github.com/spring-projects/spring-batch
Cimoc,https://github.com/Haleydu/Cimoc
apkupdater,https://github.com/rumboalla/apkupdater
rawdrawandroid,https://github.com/cnlohr/rawdrawandroid
ZXing.Net,https://github.com/micjahn/ZXing.Net
incubator-fury,https://github.com/apache/incubator-fury
javacpp-presets,https://github.com/bytedeco/javacpp-presets
paper-onboarding-android,https://github.com/Ramotion/paper-onboarding-android
awesome-kotlin,https://github.com/mcxiaoke/awesome-kotlin
unirest-java,https://github.com/Kong/unirest-java
SikuliX1,https://github.com/RaiMan/SikuliX1
code-nav,https://github.com/liyupi/code-nav
proguard,https://github.com/Guardsquare/proguard
netbeans,https://github.com/apache/netbeans
assertj,https://github.com/assertj/assertj
easy_javadoc,https://github.com/starcwang/easy_javadoc
FastNoiseLite,https://github.com/Auburn/FastNoiseLite
semana-javascript-expert08,https://github.com/ErickWendel/semana-javascript-expert08
clean-code-javascript-es,https://github.com/andersontr15/clean-code-javascript-es
nutz,https://github.com/nutzam/nutz
javaee7-samples,https://github.com/javaee-samples/javaee7-samples
learnjavabug,https://github.com/threedr3am/learnjavabug
MultiSnapRecyclerView,https://github.com/TakuSemba/MultiSnapRecyclerView
weixin-popular,https://github.com/liyiorg/weixin-popular
Twitter-API-v2-sample-code,https://github.com/twitterdev/Twitter-API-v2-sample-code
jfx,https://github.com/openjdk/jfx
logging-flume,https://github.com/apache/logging-flume
one-day-one-language,https://github.com/mouredev/one-day-one-language
PassJava-Platform,https://github.com/Jackson0714/PassJava-Platform
gecco,https://github.com/xtuhcy/gecco
J2V8,https://github.com/eclipsesource/J2V8
material-menu,https://github.com/balysv/material-menu
metadata-extractor,https://github.com/drewnoakes/metadata-extractor
Java-Interview-Tutorial,https://github.com/Java-Edge/Java-Interview-Tutorial
jieba-analysis,https://github.com/huaban/jieba-analysis
teavm,https://github.com/konsoletyper/teavm
webdrivermanager,https://github.com/bonigarcia/webdrivermanager
icu,https://github.com/unicode-org/icu
tape,https://github.com/square/tape
RoundCornerProgressBar,https://github.com/akexorcist/RoundCornerProgressBar
commafeed,https://github.com/Athou/commafeed
safe-java-js-webview-bridge,https://github.com/pedant/safe-java-js-webview-bridge
symphony,https://github.com/88250/symphony
JavaScript30,https://github.com/soyaine/JavaScript30
sshj,https://github.com/hierynomus/sshj
RedisClient,https://github.com/caoxinyu/RedisClient
technical_books,https://github.com/TIM168/technical_books
PlayEdu,https://github.com/PlayEdu/PlayEdu
semana-javascript-expert07,https://github.com/ErickWendel/semana-javascript-expert07
jvm-sandbox-repeater,https://github.com/alibaba/jvm-sandbox-repeater
javascript-decorators,https://github.com/wycats/javascript-decorators
scm-biz-suite,https://github.com/doublechaintech/scm-biz-suite
PKUCourse,https://github.com/tongtzeho/PKUCourse
javascript-koans,https://github.com/mrdavidlaing/javascript-koans
sofa-bolt,https://github.com/sofastack/sofa-bolt
erupt,https://github.com/erupts/erupt
RxCache,https://github.com/VictorAlbertos/RxCache
parquet-mr,https://github.com/apache/parquet-mr
android-samples,https://github.com/googlemaps-samples/android-samples
oneinstack,https://github.com/oneinstack/oneinstack
pac4j,https://github.com/pac4j/pac4j
jimfs,https://github.com/google/jimfs
pdfbox,https://github.com/apache/pdfbox
Smack,https://github.com/igniterealtime/Smack
jexboss,https://github.com/joaomatosf/jexboss
TengineKit,https://github.com/OAID/TengineKit
material-ripple,https://github.com/balysv/material-ripple
cardslider-android,https://github.com/Ramotion/cardslider-android
eclipse-collections,https://github.com/eclipse/eclipse-collections
connectbot,https://github.com/connectbot/connectbot
30-seconds-of-java8,https://github.com/hellokaton/30-seconds-of-java8
Paper,https://github.com/pilgr/Paper
curso-javascript-ninja,https://github.com/da2k/curso-javascript-ninja
ballista,https://github.com/ballista-compute/ballista
RootEncoder,https://github.com/pedroSG94/RootEncoder
rsocket-java,https://github.com/rsocket/rsocket-java
brave,https://github.com/openzipkin/brave
jeromq,https://github.com/zeromq/jeromq
HackJava,https://github.com/HackJava/HackJava
lucene,https://github.com/apache/lucene
sensitive-word,https://github.com/houbb/sensitive-word
jcasbin,https://github.com/casbin/jcasbin
materialistic,https://github.com/hidroh/materialistic
bk-ci,https://github.com/TencentBlueKing/bk-ci
phpmd,https://github.com/phpmd/phpmd
comby,https://github.com/comby-tools/comby
EasyJob,https://github.com/chucheng92/EasyJob
Saturn,https://github.com/vipshop/Saturn
stream-lib,https://github.com/addthis/stream-lib
slf4j,https://github.com/qos-ch/slf4j
EhViewer,https://github.com/EhViewer-NekoInverter/EhViewer
WeiXinRecordedDemo,https://github.com/Zhaoss/WeiXinRecordedDemo
hypersistence-utils,https://github.com/vladmihalcea/hypersistence-utils
activemq,https://github.com/apache/activemq
gitblit,https://github.com/gitblit-org/gitblit
moquette,https://github.com/moquette-io/moquette
java-sec-code,https://github.com/JoyChou93/java-sec-code
Euclid,https://github.com/Yalantis/Euclid
javascript-notes,https://github.com/anbang/javascript-notes
incubator-seata-samples,https://github.com/apache/incubator-seata-samples
JCFInternals,https://github.com/CarpenterLee/JCFInternals
cropiwa,https://github.com/steelkiwi/cropiwa
piranha,https://github.com/uber/piranha
Android-ReadTheFuckingSourceCode,https://github.com/jeanboydev/Android-ReadTheFuckingSourceCode
autopsy,https://github.com/sleuthkit/autopsy
FolioReader-Android,https://github.com/FolioReader/FolioReader-Android
pf4j,https://github.com/pf4j/pf4j
webcam-capture,https://github.com/sarxos/webcam-capture
jellyfin-androidtv,https://github.com/jellyfin/jellyfin-androidtv
Shuttle,https://github.com/timusus/Shuttle
Horizon,https://github.com/Yalantis/Horizon
restcountries,https://github.com/apilayer/restcountries
marytts,https://github.com/marytts/marytts
MinecraftDeveloperGuide,https://github.com/mouse0w0/MinecraftDeveloperGuide
kiota,https://github.com/microsoft/kiota
Ward,https://github.com/Rudolf-Barbu/Ward
freeplane,https://github.com/freeplane/freeplane
find-sec-bugs,https://github.com/find-sec-bugs/find-sec-bugs
apps-android-wikipedia,https://github.com/wikimedia/apps-android-wikipedia
HotswapAgent,https://github.com/HotswapProjects/HotswapAgent
tlaplus,https://github.com/tlaplus/tlaplus
grpc-spring-boot-starter,https://github.com/LogNet/grpc-spring-boot-starter
manifold,https://github.com/manifold-systems/manifold
Android-Cheat-sheet,https://github.com/anitaa1990/Android-Cheat-sheet
IdGenerator,https://github.com/yitter/IdGenerator
flexmark-java,https://github.com/vsch/flexmark-java
lanterna,https://github.com/mabe02/lanterna
mysql-binlog-connector-java,https://github.com/shyiko/mysql-binlog-connector-java
ethereumj,https://github.com/ethereum/ethereumj
Minimal-Todo,https://github.com/avjinder/Minimal-Todo
AppUpdate,https://github.com/azhon/AppUpdate
azure-sdk-for-java,https://github.com/Azure/azure-sdk-for-java
commonmark-java,https://github.com/commonmark/commonmark-java
UniversalMediaServer,https://github.com/UniversalMediaServer/UniversalMediaServer
bgslibrary,https://github.com/andrewssobral/bgslibrary
squirrel,https://github.com/hekailiang/squirrel
think-in-java,https://github.com/quanke/think-in-java
guiadobackend,https://github.com/arthurspk/guiadobackend
bucket4j,https://github.com/bucket4j/bucket4j
jeecg,https://github.com/jeecgboot/jeecg
streamex,https://github.com/amaembo/streamex
endoflife.date,https://github.com/endoflife-date/endoflife.date
bc-java,https://github.com/bcgit/bc-java
client_java,https://github.com/prometheus/client_java
Java-Interview,https://github.com/cosen1024/Java-Interview
frida-snippets,https://github.com/iddoeldor/frida-snippets
JavaGuide-Interview,https://github.com/Snailclimb/JavaGuide-Interview
mahout,https://github.com/apache/mahout
tika,https://github.com/apache/tika
jobrunr,https://github.com/jobrunr/jobrunr
smart-admin,https://github.com/1024-lab/smart-admin
Jest,https://github.com/searchbox-io/Jest
ixy-languages,https://github.com/ixy-languages/ixy-languages
UltimateAndroid,https://github.com/cymcsg/UltimateAndroid
helios,https://github.com/spotify/helios
node-jvm,https://github.com/YaroslavGaponov/node-jvm
Lightning-Browser,https://github.com/anthonycr/Lightning-Browser
AutoLoadCache,https://github.com/qiujiayu/AutoLoadCache
X-SpringBoot,https://github.com/yzcheng90/X-SpringBoot
JavaHamcrest,https://github.com/hamcrest/JavaHamcrest
StyleableToast,https://github.com/Muddz/StyleableToast
Note,https://github.com/scalad/Note
solon,https://github.com/noear/solon
speedment,https://github.com/speedment/speedment
dns66,https://github.com/julian-klode/dns66
Minestom,https://github.com/Minestom/Minestom
ambari,https://github.com/apache/ambari
fabric,https://github.com/FabricMC/fabric
sonic-agent,https://github.com/SonicCloudOrg/sonic-agent
android-ui-animation-components-and-libraries,https://github.com/Ramotion/android-ui-animation-components-and-libraries
java-notes,https://github.com/DreamCats/java-notes
dozer,https://github.com/DozerMapper/dozer
jOOL,https://github.com/jOOQ/jOOL
aws-sdk-java-v2,https://github.com/aws/aws-sdk-java-v2
qrcode-generator,https://github.com/kazuhikoarase/qrcode-generator
functional-javascript-workshop,https://github.com/timoxley/functional-javascript-workshop
Intro-To-RxJava,https://github.com/Froussios/Intro-To-RxJava
Algorithm_Interview_Notes-Chinese,https://github.com/DarLiner/Algorithm_Interview_Notes-Chinese
JavaLambdaInternals,https://github.com/CarpenterLee/JavaLambdaInternals
smart-sso,https://github.com/a466350665/smart-sso
RuoYi-Vue,https://github.com/yangzongzhuan/RuoYi-Vue
pslab-android,https://github.com/fossasia/pslab-android
tabula-py,https://github.com/chezou/tabula-py
vscode-java,https://github.com/redhat-developer/vscode-java
javaScript,https://github.com/yangxi0126/javaScript
expanding-collection-android,https://github.com/Ramotion/expanding-collection-android
blade-build,https://github.com/chen3feng/blade-build
paho.mqtt.java,https://github.com/eclipse/paho.mqtt.java
docx4j,https://github.com/plutext/docx4j
leetcode-javascript,https://github.com/sl1673495/leetcode-javascript
jsr,https://github.com/mercyblitz/jsr
javascript-style-guide,https://github.com/sivan/javascript-style-guide
nginxWebUI,https://github.com/cym1102/nginxWebUI
pdf,https://github.com/GrindGold/pdf
protostuff,https://github.com/protostuff/protostuff
nv-websocket-client,https://github.com/TakahikoKawasaki/nv-websocket-client
airsonic,https://github.com/airsonic/airsonic
Play-with-Data-Structures,https://github.com/liuyubobobo/Play-with-Data-Structures
Android-Notes,https://github.com/BlackZhangJX/Android-Notes
p6spy,https://github.com/p6spy/p6spy
ai-beehive,https://github.com/hncboy/ai-beehive
jdbi,https://github.com/jdbi/jdbi
android-app,https://github.com/ProtonVPN/android-app
hapi-fhir,https://github.com/hapifhir/hapi-fhir
circle-menu-android,https://github.com/Ramotion/circle-menu-android
servicecomb-java-chassis,https://github.com/apache/servicecomb-java-chassis
kiftd,https://github.com/KOHGYLW/kiftd
drill,https://github.com/apache/drill
SakuraAnime,https://github.com/670848654/SakuraAnime
TarsosDSP,https://github.com/JorenSix/TarsosDSP
BilibiliDown,https://github.com/nICEnnnnnnnLee/BilibiliDown
arl,https://github.com/kaxap/arl
sql-father-backend-public,https://github.com/liyupi/sql-father-backend-public
AirMapView,https://github.com/airbnb/AirMapView
Essentials,https://github.com/EssentialsX/Essentials
node-java,https://github.com/joeferner/node-java
alan-sdk-android,https://github.com/alan-ai/alan-sdk-android
open_nsfw_android,https://github.com/devzwy/open_nsfw_android
Glowstone,https://github.com/GlowstoneMC/Glowstone
SpringBootCodeGenerator,https://github.com/moshowgame/SpringBootCodeGenerator
cfr,https://github.com/leibnitz27/cfr
cloudbase-framework,https://github.com/Tencent/cloudbase-framework
testng,https://github.com/testng-team/testng
q_algorithm,https://github.com/yuanfengyun/q_algorithm
zip4j,https://github.com/srikanth-lingala/zip4j
itchat4j,https://github.com/yaphone/itchat4j
Krakatau,https://github.com/Storyyeller/Krakatau
jcommander,https://github.com/cbeust/jcommander
six-finger,https://github.com/bin392328206/six-finger
spring-cloud-config,https://github.com/spring-cloud/spring-cloud-config
async-javascript-cheatsheet,https://github.com/frontarm/async-javascript-cheatsheet
ureport,https://github.com/youseries/ureport
SuperMarket,https://github.com/ZongXR/SuperMarket
AndroidControl,https://github.com/imharryzhu/AndroidControl
CatServer,https://github.com/Luohuayu/CatServer
ninja,https://github.com/ninjaframework/ninja
flyingsaucer,https://github.com/flyingsaucerproject/flyingsaucer
SeriesGuide,https://github.com/UweTrottmann/SeriesGuide
xJavaFxTool,https://github.com/864381832/xJavaFxTool
xxl-sso,https://github.com/xuxueli/xxl-sso
thinking-in-spring-boot-samples,https://github.com/mercyblitz/thinking-in-spring-boot-samples
javascript,https://github.com/kubernetes-client/javascript
note-of-interview,https://github.com/zhengjianglong915/note-of-interview
jdbi,https://github.com/jdbi/jdbi
android-app,https://github.com/ProtonVPN/android-app
hapi-fhir,https://github.com/hapifhir/hapi-fhir
circle-menu-android,https://github.com/Ramotion/circle-menu-android
servicecomb-java-chassis,https://github.com/apache/servicecomb-java-chassis
kiftd,https://github.com/KOHGYLW/kiftd
drill,https://github.com/apache/drill
SakuraAnime,https://github.com/670848654/SakuraAnime
TarsosDSP,https://github.com/JorenSix/TarsosDSP
BilibiliDown,https://github.com/nICEnnnnnnnLee/BilibiliDown
arl,https://github.com/kaxap/arl
sql-father-backend-public,https://github.com/liyupi/sql-father-backend-public
AirMapView,https://github.com/airbnb/AirMapView
i2p.i2p,https://github.com/i2p/i2p.i2p
Essentials,https://github.com/EssentialsX/Essentials
node-java,https://github.com/joeferner/node-java
alan-sdk-android,https://github.com/alan-ai/alan-sdk-android
open_nsfw_android,https://github.com/devzwy/open_nsfw_android
