nameWithOwner,createdAt,stargazerCount,commitCount
iluwatar/java-design-patterns,2014-08-09T16:45:18Z,86212,314
macrozheng/mall,2018-04-04T01:11:44Z,74996,117
krahets/hello-algo,2022-11-04T11:08:34Z,73264,1346
elastic/elasticsearch,2010-02-08T13:20:56Z,67252,8903
TheAlgorithms/Java,2016-07-16T10:21:02Z,56414,260
ReactiveX/RxJava,2013-01-08T20:11:48Z,47601,83
PhilJay/MPAndroidChart,2014-04-25T14:29:47Z,37206,0
geekxh/hello-algorithm,2020-05-29T05:47:09Z,34654,10
alibaba/arthas,2018-08-29T17:15:57Z,34558,147
bumptech/glide,2013-07-08T22:52:33Z,34306,181
netty/netty,2010-11-09T09:22:21Z,32687,435
zxing/zxing,2011-10-12T14:07:27Z,32152,117
halo-dev/halo,2018-03-21T12:56:52Z,31152,896
alibaba/easyexcel,2018-02-06T03:14:08Z,30768,203
ityouknow/spring-boot-examples,2016-11-05T05:32:33Z,29863,0
SeleniumHQ/selenium,2013-01-14T21:40:56Z,29150,2201
alibaba/nacos,2018-06-15T06:49:27Z,28891,458
apolloconfig/apollo,2016-03-04T10:24:23Z,28739,95
doocs/leetcode,2018-09-16T14:03:03Z,28608,2758
dromara/hutool,2014-04-13T07:23:51Z,28190,705
wuyouzhuguli/SpringAll,2018-05-02T02:48:44Z,27703,0
alibaba/druid,2011-11-03T05:12:51Z,27607,539
alibaba/spring-cloud-alibaba,2017-12-01T20:49:15Z,27168,124
apache/kafka,2011-08-15T18:06:16Z,27162,1876
crossoverJie/JCSprout,2017-12-17T09:06:50Z,27073,0
lenve/vhr,2018-01-04T08:57:51Z,26902,4
xuxueli/xxl-job,2015-11-28T12:59:34Z,26367,11
qiurunze123/miaosha,2018-09-14T04:36:24Z,26031,0
alibaba/fastjson,2011-11-03T06:58:52Z,25611,5
JakeWharton/butterknife,2013-03-05T08:18:59Z,25575,0
proxyee-down-org/proxyee-down,2017-10-25T10:07:27Z,24985,0
apache/incubator-seata,2018-12-28T08:37:22Z,24883,313
Netflix/Hystrix,2012-11-19T20:14:46Z,23854,6
YunaiV/ruoyi-vue-pro,2021-01-24T03:18:25Z,23683,3058
DrKLO/Telegram,2013-10-25T14:08:10Z,23592,54
apache/skywalking,2015-11-07T03:30:36Z,23161,491
apache/flink,2014-06-07T07:00:10Z,23059,2629
google/gson,2015-03-19T18:21:20Z,22913,222
libgdx/libgdx,2012-08-10T19:34:38Z,22621,143
jenkinsci/jenkins,2010-11-22T21:21:23Z,22283,1527
elunez/eladmin,2018-12-14T08:54:24Z,20742,54
Stirling-Tools/Stirling-PDF,2023-01-27T18:22:42Z,20706,1634
EnterpriseQualityCoding/FizzBuzzEnterpriseEdition,2012-11-24T00:14:41Z,20390,0
keycloak/keycloak,2013-07-02T13:38:51Z,19575,3722
apache/shardingsphere,2016-01-18T12:49:26Z,19386,4944
brettwooldridge/HikariCP,2013-10-08T05:43:03Z,19326,26
Baseflow/PhotoView,2012-07-17T16:39:00Z,18690,0
iBotPeaches/Apktool,2012-03-19T17:46:53Z,18687,220
yudaocode/SpringBoot-Labs,2018-09-12T14:51:46Z,18313,0
openjdk/jdk,2018-09-17T12:29:20Z,18243,5954
doocs/source-code-hunter,2019-10-28T01:35:10Z,17620,20
LMAX-Exchange/disruptor,2012-09-21T13:42:24Z,16979,30
nostra13/Android-Universal-Image-Loader,2011-11-27T18:48:23Z,16801,0
openzipkin/zipkin,2012-06-06T18:26:16Z,16685,203
shuzheng/zheng,2016-10-04T10:07:06Z,16632,0
williamfiset/Algorithms,2017-03-18T02:50:46Z,16405,99
antlr/antlr4,2010-02-04T01:36:28Z,16254,271
infinilabs/analysis-ik,2011-12-16T09:01:45Z,16045,9
JeffLi1993/springboot-learning-example,2017-02-06T07:02:25Z,15993,2
justauth/JustAuth,2019-01-31T09:42:20Z,15915,43
barry-ran/QtScrcpy,2019-06-23T04:12:17Z,15895,8
Grasscutters/Grasscutter,2022-04-17T12:43:46Z,15578,403
prestodb/presto,2012-08-09T01:03:37Z,15537,1986
thingsboard/thingsboard,2016-12-01T09:33:30Z,15471,5491
android10/Android-CleanArchitecture,2014-08-19T14:09:26Z,15452,0
dromara/Sa-Token,2020-02-03T10:34:29Z,15240,460
kunal-kushwaha/DSA-Bootcamp-Java,2021-07-30T12:23:25Z,15218,44
heibaiying/BigData-Notes,2019-03-10T01:40:01Z,15189,2
dataease/dataease,2021-02-02T04:10:21Z,14919,3415
mockito/mockito,2012-10-13T20:27:12Z,14531,220
hdodenhof/CircleImageView,2014-01-17T16:44:46Z,14528,1
Konloch/bytecode-viewer,2014-10-14T10:26:46Z,14298,48
zhisheng17/flink-learning,2019-01-01T07:38:28Z,14209,1
elastic/logstash,2010-11-18T01:31:50Z,13971,365
apache/pulsar,2016-06-28T07:00:03Z,13685,1388
lgvalle/Material-Animations,2015-03-08T20:54:00Z,13544,0
tink-crypto/tink,2014-06-06T16:21:09Z,13456,2021
deeplearning4j/deeplearning4j,2013-11-27T02:03:28Z,13397,100
Bigkoo/Android-PickerView,2014-12-28T01:46:38Z,13397,0
questdb/questdb,2014-04-28T23:29:15Z,13386,733
GoogleContainerTools/jib,2018-01-22T18:30:43Z,13346,105
gyoogle/tech-interview-for-developer,2019-06-09T04:42:57Z,13278,58
apache/druid,2012-10-23T19:08:07Z,13166,1558
LuckSiege/PictureSelector,2017-01-04T07:47:39Z,13034,139
macrozheng/mall-learning,2019-04-12T13:20:31Z,12682,3
theonedev/onedev,2018-11-06T02:57:01Z,12611,690
greenrobot/greenDAO,2011-10-22T16:15:14Z,12608,1
projectlombok/lombok,2009-06-08T19:46:41Z,12550,270
daimajia/AndroidViewAnimations,2014-06-23T03:53:13Z,12394,0
neo4j/neo4j,2012-11-12T08:46:15Z,12374,3182
daimajia/AndroidSwipeLayout,2014-08-25T04:09:33Z,12353,0
google/guice,2014-05-28T23:18:53Z,12332,85
janishar/mit-deep-learning-book-pdf,2017-04-07T10:46:50Z,12251,1
codecentric/spring-boot-admin,2014-07-25T11:39:13Z,12130,1036
chat2db/Chat2DB,2023-06-20T14:05:26Z,11960,3399
apache/dolphinscheduler,2019-03-01T16:39:25Z,11922,690
zaproxy/zaproxy,2015-06-03T16:55:01Z,11913,587
supertokens/supertokens-core,2020-01-05T13:30:52Z,11806,340
pxb1988/dex2jar,2015-03-16T09:13:07Z,11784,25
Tencent/VasSonic,2017-08-01T08:35:13Z,11773,0
careercup/CtCI-6th-Edition,2015-07-02T06:28:46Z,11125,0
grpc/grpc-java,2014-12-08T19:00:00Z,11123,605
mission-peace/interview,2014-07-20T21:27:31Z,10987,0
H07000223/FlycoTabLayout,2015-11-09T01:53:19Z,10982,0
amitshekhariitbhu/android-interview-questions,2017-07-09T18:47:24Z,10844,41
alibaba/vlayout,2017-02-27T08:11:47Z,10805,0
metersphere/metersphere,2020-02-03T02:06:12Z,10754,3695
square/javapoet,2013-02-01T16:56:30Z,10670,50
xiaojieonly/Ehviewer_CN_SXJ,2020-11-09T06:14:31Z,10649,210
jeasonlzy/okhttp-OkGo,2016-01-15T10:35:24Z,10586,0
jhy/jsoup,2009-12-19T01:29:58Z,10577,268
tbruyelle/RxPermissions,2015-09-29T13:55:09Z,10482,0
google/auto,2013-05-22T21:41:56Z,10347,274
Snoopy1866/LiTiaotiao-Custom-Rules,2023-06-12T12:58:52Z,10261,710
TooTallNate/Java-WebSocket,2010-01-20T23:33:04Z,10253,40
doocs/jvm,2018-06-23T01:12:59Z,10148,12
wasabeef/glide-transformations,2015-01-09T10:33:29Z,9863,0
debezium/debezium,2016-01-22T20:17:05Z,9795,2090
jwtk/jjwt,2014-09-13T01:06:24Z,9793,77
kekingcn/kkFileView,2017-12-12T11:41:08Z,9723,419
HarlonWang/AVLoadingIndicatorView,2015-10-24T20:18:33Z,9723,0
YoKeyword/Fragmentation,2016-02-23T08:54:55Z,9721,0
ksoichiro/Android-ObservableScrollView,2014-11-08T14:45:20Z,9658,0
hackware1993/MagicIndicator,2016-06-26T08:20:43Z,9645,0
react-native-camera/react-native-camera,2015-04-01T00:54:40Z,9638,0
liaohuqiu/android-Ultra-Pull-To-Refresh,2014-11-13T03:13:10Z,9597,0
lzyzsd/JsBridge,2015-02-26T12:10:58Z,9593,0
perwendel/spark,2011-05-05T11:52:05Z,9592,0
koral--/android-gif-drawable,2013-01-30T01:37:46Z,9502,5
lihengming/spring-boot-api-project-seed,2017-06-23T10:06:30Z,9486,0
MyCATApache/Mycat-Server,2014-12-04T02:46:54Z,9464,1
trinodb/trino,2019-01-19T06:38:14Z,9454,6516
stanfordnlp/CoreNLP,2013-06-27T21:13:49Z,9427,267
pockethub/PocketHub,2011-09-08T16:52:50Z,9397,0
OpenFeign/feign,2013-06-26T23:28:16Z,9235,354
datahub-project/datahub,2015-11-18T05:47:40Z,9128,2275
crossoverJie/cim,2018-05-20T15:55:56Z,9106,0
android/testing-samples,2014-10-11T03:51:27Z,9093,21
navasmdc/MaterialDesignLibrary,2014-09-30T07:37:17Z,9009,0
huanghaibin-dev/CalendarView,2017-03-11T07:16:09Z,8950,0
didi/VirtualAPK,2017-06-29T07:25:05Z,8948,0
awsdocs/aws-doc-sdk-examples,2016-08-18T19:06:57Z,8837,1163
laobie/StatusBarUtil,2016-02-15T03:06:06Z,8822,0
firebase/quickstart-android,2016-04-26T17:13:27Z,8705,90
Freelander/Android_Data,2015-04-04T01:37:44Z,8680,0
Blankj/awesome-java-leetcode,2017-04-17T15:51:41Z,8657,0
KunMinX/Jetpack-MVVM-Best-Practice,2019-10-31T05:21:01Z,8632,51
chrisjenx/Calligraphy,2013-12-20T02:35:45Z,8589,0
json-path/JsonPath,2011-01-24T13:19:19Z,8579,23
facebook/buck,2013-04-17T18:12:18Z,8571,1
opensearch-project/OpenSearch,2021-01-29T22:10:00Z,8542,1838
zhoutaoo/SpringCloud,2017-07-23T14:28:08Z,8506,2
SonarSource/sonarqube,2011-01-05T11:05:17Z,8499,2943
junit-team/junit4,2009-01-13T03:41:26Z,8497,6
apache/cassandra,2009-05-21T02:10:09Z,8488,1551
shwenzhang/AndResGuard,2015-10-11T11:48:06Z,8453,1
roughike/BottomBar,2016-03-16T01:31:05Z,8424,0
sohutv/cachecloud,2016-01-26T05:46:01Z,8410,35
spring-projects/spring-security,2012-01-10T21:50:57Z,8348,2356
provectus/kafka-ui,2019-11-26T15:55:55Z,8348,374
amitshekhariitbhu/Android-Debug-Database,2016-11-16T14:20:24Z,8331,1
apache/shenyu,2018-07-11T08:17:45Z,8264,598
hs-web/hsweb-framework,2016-01-18T03:51:39Z,8245,174
florent37/MaterialViewPager,2015-04-24T17:53:15Z,8165,0
checkstyle/checkstyle,2013-08-31T02:05:05Z,8103,1470
google/tsunami-security-scanner,2020-06-03T16:20:00Z,8083,53
apache/shardingsphere-elasticjob,2015-09-11T11:28:52Z,8045,193
Netflix/SimianArmy,2012-07-06T22:00:05Z,7956,0
alibaba/otter,2013-08-09T09:31:22Z,7947,2
barteksc/AndroidPdfViewer,2016-06-02T20:21:21Z,7944,0
apache/jmeter,2010-05-26T23:38:07Z,7870,481
karatelabs/karate,2017-02-07T15:59:17Z,7810,295
Tencent/Hippy,2019-11-15T01:55:31Z,7788,754
trello/RxLifecycle,2015-07-20T13:32:23Z,7718,0
testcontainers/testcontainers-java,2015-04-12T12:44:59Z,7704,1821
StarRocks/starrocks,2021-09-04T02:29:35Z,7643,8518
facebook/litho,2017-01-27T03:59:11Z,7640,2214
vipshop/vjtools,2018-05-29T09:07:08Z,7600,0
kaushikgopal/RxJava-Android-Samples,2014-07-23T05:13:52Z,7551,1
goldze/MVVMHabit,2017-07-21T10:38:40Z,7502,0
kevin-wayne/algs4,2015-08-31T09:28:49Z,7368,12
TechEmpower/FrameworkBenchmarks,2013-03-22T17:33:54Z,7358,953
swagger-api/swagger-core,2011-07-05T23:44:11Z,7328,152
dyc87112/SpringCloud-Learning,2016-08-21T03:39:52Z,7323,0
Bearded-Hen/Android-Bootstrap,2013-11-01T15:36:17Z,7289,0
Tencent/Shadow,2019-06-13T10:50:27Z,7278,14
abel533/Mapper,2014-11-21T11:02:10Z,7247,8
apache/tomcat,2011-10-01T07:00:19Z,7245,1448
crazycodeboy/TakePhoto,2015-08-04T02:05:32Z,7237,0
bytedeco/javacv,2014-04-21T13:50:26Z,7237,18
google/closure-compiler,2014-04-16T15:30:36Z,7233,643
cymcsg/UltimateRecyclerView,2015-01-28T02:27:45Z,7227,0
Qihoo360/RePlugin,2017-06-08T09:39:09Z,7222,0
frohoff/ysoserial,2015-01-28T07:13:55Z,7221,6
google/agera,2015-12-17T13:22:58Z,7208,0
geeeeeeeeek/WeChatLuckyMoney,2015-09-30T16:11:20Z,7197,0
alibaba/transmittable-thread-local,2013-10-13T08:48:33Z,7171,117
lenve/VBlog,2017-12-26T11:01:55Z,7128,0
ogaclejapan/SmartTabLayout,2015-02-14T11:25:51Z,7076,0
twowaits/SDE-Interview-Questions,2017-10-25T11:08:52Z,6973,0
json-path/JsonPath,2011-01-24T13:19:19Z,8579,23
facebook/buck,2013-04-17T18:12:18Z,8571,1
opensearch-project/OpenSearch,2021-01-29T22:10:00Z,8542,1838
zhoutaoo/SpringCloud,2017-07-23T14:28:08Z,8506,2
SonarSource/sonarqube,2011-01-05T11:05:17Z,8499,2943
junit-team/junit4,2009-01-13T03:41:26Z,8497,6
apache/cassandra,2009-05-21T02:10:09Z,8488,1551
shwenzhang/AndResGuard,2015-10-11T11:48:06Z,8453,1
airbnb/epoxy,2016-08-08T23:05:11Z,8440,10
roughike/BottomBar,2016-03-16T01:31:05Z,8424,0
sohutv/cachecloud,2016-01-26T05:46:01Z,8410,35
spring-projects/spring-security,2012-01-10T21:50:57Z,8348,2356
provectus/kafka-ui,2019-11-26T15:55:55Z,8348,374
amitshekhariitbhu/Android-Debug-Database,2016-11-16T14:20:24Z,8331,1
apache/shenyu,2018-07-11T08:17:45Z,8264,598
hs-web/hsweb-framework,2016-01-18T03:51:39Z,8245,174
LawnchairLauncher/lawnchair,2017-03-03T13:12:58Z,8240,6572
florent37/MaterialViewPager,2015-04-24T17:53:15Z,8165,0
checkstyle/checkstyle,2013-08-31T02:05:05Z,8103,1470
google/tsunami-security-scanner,2020-06-03T16:20:00Z,8083,53
apache/shardingsphere-elasticjob,2015-09-11T11:28:52Z,8045,193
Team-xManager/xManager,2021-02-08T11:31:10Z,7987,232
Netflix/SimianArmy,2012-07-06T22:00:05Z,7956,0
alibaba/otter,2013-08-09T09:31:22Z,7947,2
barteksc/AndroidPdfViewer,2016-06-02T20:21:21Z,7944,0
JakeWharton/hugo,2013-11-25T09:16:40Z,7916,0
apache/jmeter,2010-05-26T23:38:07Z,7870,481
HannahMitt/HomeMirror,2015-08-23T03:20:08Z,7869,0
karatelabs/karate,2017-02-07T15:59:17Z,7810,295
aritraroy/UltimateAndroidReference,2017-04-10T07:28:27Z,7803,0
Tencent/Hippy,2019-11-15T01:55:31Z,7788,754
flyway/flyway,2012-12-14T18:43:22Z,7733,41
trello/RxLifecycle,2015-07-20T13:32:23Z,7718,0
testcontainers/testcontainers-java,2015-04-12T12:44:59Z,7704,1821
StarRocks/starrocks,2021-09-04T02:29:35Z,7643,8518
facebook/litho,2017-01-27T03:59:11Z,7640,2214
wildfirechat/im-server,2019-01-23T15:21:28Z,7640,114
vipshop/vjtools,2018-05-29T09:07:08Z,7600,0
kaushikgopal/RxJava-Android-Samples,2014-07-23T05:13:52Z,7551,1
goldze/MVVMHabit,2017-07-21T10:38:40Z,7502,0
koush/AndroidAsync,2012-08-24T07:27:04Z,7493,0
google/android-classyshark,2015-10-12T13:40:48Z,7465,2
apache/beam,2016-02-02T08:00:06Z,7454,3798
lecho/hellocharts-android,2014-10-12T09:12:37Z,7423,0
kevin-wayne/algs4,2015-08-31T09:28:49Z,7368,12
TechEmpower/FrameworkBenchmarks,2013-03-22T17:33:54Z,7358,953
swagger-api/swagger-core,2011-07-05T23:44:11Z,7328,152
dyc87112/SpringCloud-Learning,2016-08-21T03:39:52Z,7323,0
flowable/flowable-engine,2016-10-13T07:21:43Z,7323,345
square/dagger,2012-08-02T23:25:32Z,7314,0
Bearded-Hen/Android-Bootstrap,2013-11-01T15:36:17Z,7289,0
Tencent/Shadow,2019-06-13T10:50:27Z,7278,14
abel533/Mapper,2014-11-21T11:02:10Z,7247,8
apache/tomcat,2011-10-01T07:00:19Z,7245,1448
crazycodeboy/TakePhoto,2015-08-04T02:05:32Z,7237,0
bytedeco/javacv,2014-04-21T13:50:26Z,7237,18
google/closure-compiler,2014-04-16T15:30:36Z,7233,643
cymcsg/UltimateRecyclerView,2015-01-28T02:27:45Z,7227,0
Qihoo360/RePlugin,2017-06-08T09:39:09Z,7222,0
frohoff/ysoserial,2015-01-28T07:13:55Z,7221,6
google/agera,2015-12-17T13:22:58Z,7208,0
geeeeeeeeek/WeChatLuckyMoney,2015-09-30T16:11:20Z,7197,0
alibaba/transmittable-thread-local,2013-10-13T08:48:33Z,7171,117
apache/seatunnel,2017-08-05T09:14:47Z,7165,1149
lenve/VBlog,2017-12-26T11:01:55Z,7128,0
JakeWharton/ActionBarSherlock,2011-03-07T17:28:54Z,7110,0
Exrick/xmall,2017-07-28T01:49:49Z,7101,0
ogaclejapan/SmartTabLayout,2015-02-14T11:25:51Z,7076,0
real-logic/aeron,2014-02-07T17:16:58Z,7021,1002
twowaits/SDE-Interview-Questions,2017-10-25T11:08:52Z,6973,0
NLPchina/elasticsearch-sql,2014-08-24T14:26:31Z,6954,29
naman14/Timber,2015-06-12T16:43:55Z,6952,0
hongyangAndroid/okhttputils,2015-08-17T14:53:29Z,6881,0
DroidPluginTeam/DroidPlugin,2015-08-27T11:14:57Z,6861,0
microg/GmsCore,2014-04-23T19:28:47Z,6845,383
mapstruct/mapstruct,2012-05-28T12:42:42Z,6759,79
zo0r/react-native-push-notification,2015-12-14T19:53:36Z,6701,0
rest-assured/rest-assured,2010-10-21T08:35:43Z,6690,65
hongyangAndroid/AndroidAutoLayout,2015-11-19T02:09:11Z,6681,0
markzhai/AndroidPerformanceMonitor,2016-01-17T05:23:22Z,6624,0
yanzhenjie/AndPermission,2016-09-11T05:17:34Z,6616,0
mrniko/netty-socketio,2012-01-12T11:43:49Z,6607,153
zouzg/mybatis-generator-gui,2016-05-08T22:39:39Z,6589,0
alibaba/jvm-sandbox,2017-08-03T02:55:31Z,6570,24
GrenderG/Toasty,2017-01-18T18:52:41Z,6551,0
cabaletta/baritone,2018-08-01T15:34:21Z,6551,598
guardianproject/haven,2017-03-01T03:20:03Z,6530,0
rabbitmq/rabbitmq-tutorials,2010-09-21T11:41:26Z,6528,86
smuyyh/BookReader,2016-08-03T05:17:27Z,6490,0
vinc3m1/RoundedImageView,2013-02-22T01:17:37Z,6433,2
NLPchina/ansj_seg,2012-09-05T05:56:24Z,6427,3
PowerJob/PowerJob,2020-03-16T09:19:55Z,6420,262
zendesk/android-floating-action-button,2014-09-19T06:49:21Z,6375,0
ArthurHub/Android-Image-Cropper,2015-01-15T10:49:37Z,6374,1
527515025/springBoot,2016-11-07T02:13:31Z,6344,0
wxiaoqi/Spring-Cloud-Platform,2017-05-25T10:35:26Z,6317,0
gzu-liyujiang/AndroidPicker,2015-10-21T14:21:16Z,6300,8
koush/ion,2013-05-22T07:41:23Z,6295,0
ximsfei/Android-skin-support,2017-01-12T15:03:54Z,6291,0
Meituan-Dianping/Leaf,2018-12-11T07:41:35Z,6275,0
didi/KnowStreaming,2020-03-19T05:13:51Z,6711,163
zo0r/react-native-push-notification,2015-12-14T19:53:36Z,6701,0
rest-assured/rest-assured,2010-10-21T08:35:43Z,6690,65
hongyangAndroid/AndroidAutoLayout,2015-11-19T02:09:11Z,6681,0
MinecraftForge/MinecraftForge,2012-01-30T01:35:01Z,6631,309
markzhai/AndroidPerformanceMonitor,2016-01-17T05:23:22Z,6624,0
yanzhenjie/AndPermission,2016-09-11T05:17:34Z,6616,0
mrniko/netty-socketio,2012-01-12T11:43:49Z,6607,153
zouzg/mybatis-generator-gui,2016-05-08T22:39:39Z,6589,0
alibaba/jvm-sandbox,2017-08-03T02:55:31Z,6570,24
GrenderG/Toasty,2017-01-18T18:52:41Z,6551,0
cabaletta/baritone,2018-08-01T15:34:21Z,6551,598
guardianproject/haven,2017-03-01T03:20:03Z,6530,0
rabbitmq/rabbitmq-tutorials,2010-09-21T11:41:26Z,6528,86
h2pl/JavaTutorial,2018-05-01T15:57:21Z,6508,85
smuyyh/BookReader,2016-08-03T05:17:27Z,6490,0
processing/processing,2013-01-24T21:17:22Z,6442,1
vinc3m1/RoundedImageView,2013-02-22T01:17:37Z,6433,2
NLPchina/ansj_seg,2012-09-05T05:56:24Z,6427,3
PowerJob/PowerJob,2020-03-16T09:19:55Z,6420,262
zendesk/android-floating-action-button,2014-09-19T06:49:21Z,6375,0
ArthurHub/Android-Image-Cropper,2015-01-15T10:49:37Z,6374,1
527515025/springBoot,2016-11-07T02:13:31Z,6344,0
wxiaoqi/Spring-Cloud-Platform,2017-05-25T10:35:26Z,6317,0
gzu-liyujiang/AndroidPicker,2015-10-21T14:21:16Z,6300,8
koush/ion,2013-05-22T07:41:23Z,6295,0
ximsfei/Android-skin-support,2017-01-12T15:03:54Z,6291,0
Meituan-Dianping/Leaf,2018-12-11T07:41:35Z,6275,0
sshahine/JFoenix,2015-09-08T14:04:24Z,6239,0
AsyncHttpClient/async-http-client,2011-03-07T13:41:46Z,6228,71
HMCL-dev/HMCL,2015-06-22T08:06:03Z,6215,377
aa112901/remusic,2016-03-24T06:20:39Z,6215,0
wasabeef/richeditor-android,2015-03-30T16:19:20Z,6190,0
ityouknow/spring-cloud-examples,2017-04-28T08:48:53Z,6182,0
getActivity/AndroidProject,2018-10-23T10:30:55Z,6176,0
joelittlejohn/jsonschema2pojo,2013-06-22T22:28:53Z,6140,79
macrozheng/springcloud-learning,2019-09-07T02:36:16Z,6135,2
ikew0ng/SwipeBackLayout,2013-08-25T03:36:12Z,6127,0
fuzhengwei/itstack-demo-design,2020-05-20T13:45:30Z,6120,6
rengwuxian/MaterialEditText,2014-10-30T10:07:23Z,6107,0
lightbend/config,2011-12-06T08:02:29Z,6082,5
daimajia/NumberProgressBar,2014-05-01T08:54:25Z,6066,0
amitshekhariitbhu/from-java-to-kotlin,2017-05-21T11:56:27Z,6061,2
kestra-io/kestra,2019-08-24T13:56:15Z,6054,1518
wiremock/wiremock,2011-10-09T20:27:24Z,6043,718
quartz-scheduler/quartz,2016-03-07T14:05:37Z,6038,30
pedrovgs/EffectiveAndroidUI,2014-07-04T08:42:20Z,6033,1
graphql-java/graphql-java,2015-07-06T06:52:20Z,6023,989
rey5137/material,2014-12-09T12:07:32Z,6020,0
singwhatiwanna/dynamic-load-apk,2014-03-30T11:51:00Z,6017,0
google/physical-web,2014-09-30T18:32:14Z,6006,0
google/grafika,2013-12-19T18:36:53Z,5991,0
raphw/byte-buddy,2013-11-25T19:38:03Z,5983,346
wyouflf/xUtils3,2015-10-28T10:56:04Z,5979,0
google/j2objc,2014-01-30T20:19:56Z,5976,245
antoniolg/androidmvp,2014-04-02T05:42:20Z,5944,0
micronaut-projects/micronaut-core,2018-03-07T12:05:08Z,5929,1387
prolificinteractive/material-calendarview,2015-02-09T22:31:56Z,5909,0
haifengl/smile,2014-11-20T16:28:12Z,5904,282
springfox/springfox,2012-05-06T06:38:57Z,5899,0
liyifeng1994/ssm,2016-06-18T17:58:56Z,5887,0
weibocom/motan,2016-04-20T10:56:17Z,5867,33
jOOQ/jOOQ,2011-04-17T10:43:33Z,5863,1143
hazelcast/hazelcast,2012-03-21T12:25:18Z,5834,2092
lets-blade/blade,2015-06-10T03:35:49Z,5824,2
jeremylong/DependencyCheck,2012-09-03T20:43:30Z,5822,713
Nightonke/BoomMenu,2016-03-19T12:04:12Z,5800,0
robolectric/robolectric,2010-08-28T00:28:25Z,5784,892
JakeWharton/DiskLruCache,2012-01-05T00:36:34Z,5780,0
Devlight/InfiniteCycleViewPager,2016-08-22T08:04:39Z,5759,0
yarolegovich/DiscreteScrollView,2017-03-03T23:38:54Z,5747,0
Vedenin/useful-java-links,2016-02-13T13:14:52Z,5743,4
springside/springside4,2012-02-23T08:39:03Z,5737,0
changmingxie/tcc-transaction,2015-12-05T04:27:53Z,5712,17
btraceio/btrace,2014-08-28T18:58:24Z,5710,65
dmytrodanylyk/circular-progress-button,2014-06-07T12:58:48Z,5705,40
jpush/aurora-imui,2016-12-13T05:24:01Z,5695,0
k0shk0sh/FastHub,2017-02-18T17:53:16Z,5690,0
LSPosed/LSPatch,2021-03-01T19:38:36Z,5680,38
apache/incubator-kie-drools,2011-02-18T08:37:05Z,5676,586
gephi/gephi,2011-10-22T03:14:46Z,5657,623
amitshekhariitbhu/Fast-Android-Networking,2016-03-21T18:35:44Z,5649,1
auth0/java-jwt,2014-03-07T15:06:11Z,5647,22
daimajia/AndroidImageSlider,2014-06-02T06:04:17Z,5639,0
PojavLauncherTeam/PojavLauncher,2020-03-11T03:22:54Z,5632,1103
journeyapps/zxing-android-embedded,2012-11-28T16:36:39Z,5630,0
amlcurran/ShowcaseView,2012-08-14T19:07:36Z,5596,0
hanks-zyh/HTextView,2015-12-19T16:34:59Z,5590,0
hongyangAndroid/FlowLayout,2015-08-28T09:32:31Z,5586,0
alipay/SoloPi,2019-03-14T15:32:49Z,5573,0
nhaarman/ListViewAnimations,2013-03-19T11:59:23Z,5570,0
knightliao/disconf,2014-05-30T09:39:27Z,5567,0
yanzhenjie/SwipeRecyclerView,2016-08-03T15:43:34Z,5559,0
crazycodeboy/react-native-splash-screen,2016-09-14T10:43:55Z,5557,0
wasabeef/Blurry,2015-07-23T14:12:08Z,5540,0
ffay/lanproxy,2016-11-20T08:12:10Z,5517,0
Nepxion/Discovery,2018-06-21T16:16:49Z,5512,35
Col-E/Recaf,2017-07-27T06:01:10Z,5512,7
vavr-io/vavr,2014-01-30T14:07:25Z,5508,10
sockeqwe/mosby,2015-03-25T00:59:19Z,5494,0
obsidiandynamics/kafdrop,2019-05-27T08:46:56Z,5146,105
CoderLeixiaoshuai/java-eight-part,2020-10-16T16:27:04Z,5136,0
opengoofy/hippo4j,2021-06-16T02:59:48Z,5134,300
careercup/ctci,2013-03-21T23:01:01Z,5120,0
razerdp/BasePopup,2016-01-15T03:31:07Z,5112,2
zfdang/Android-Touch-Helper,2020-10-16T00:58:41Z,5106,10
apache/pinot,2014-05-19T23:27:48Z,5098,1601
apache/hbase,2014-05-23T07:00:07Z,5095,513
hustcc/JS-Sorting-Algorithm,2017-01-19T11:36:21Z,5093,0
CodingDocs/springboot-guide,2018-11-28T01:05:07Z,5050,0
spring-projects/spring-data-examples,2014-01-30T15:42:43Z,5049,30
xuchengsheng/spring-reading,2023-09-15T06:42:44Z,5041,374
DerekYRC/mini-spring,2020-11-17T11:59:18Z,5035,11
apache/hudi,2016-12-14T15:53:41Z,5021,1550
TeamAmaze/AmazeFileManager,2014-07-14T19:47:53Z,5018,488
orhanobut/dialogplus,2014-12-12T09:24:44Z,5003,0
alibaba/UltraViewPager,2017-03-29T13:31:53Z,5001,0
spring-attic/spring-mvc-showcase,2011-06-03T15:36:55Z,4998,0
yipianfengye/android-zxingLibrary,2016-07-26T08:00:18Z,4996,0
frogermcs/InstaMaterial,2014-11-10T18:56:49Z,4996,0
android/views-widgets-samples,2019-09-06T21:39:12Z,4993,2
meefik/linuxdeploy,2012-08-21T04:49:14Z,4992,0
rubensousa/GravitySnapHelper,2016-08-31T07:25:23Z,4987,0
JodaOrg/joda-time,2011-05-16T16:49:57Z,4970,27
amitshekhariitbhu/RxJava2-Android-Samples,2016-08-27T08:21:37Z,4963,1
traex/RippleEffect,2014-10-14T13:32:51Z,4938,0
web3j/web3j,2016-09-04T05:48:49Z,4931,344
JSQLParser/JSqlParser,2011-06-23T22:51:52Z,4922,336
deathmarine/Luyten,2013-07-11T10:57:28Z,4904,0
Ramotion/folding-cell-android,2016-04-01T11:38:47Z,4888,0
youlookwhat/CloudReader,2016-11-20T11:59:25Z,4887,13
Doikki/DKVideoPlayer,2017-04-11T01:33:38Z,4887,0
sofastack/sofa-boot,2018-04-02T08:28:14Z,4871,82
gunnarmorling/1brc,2023-12-28T09:13:24Z,4861,660
bitcoinj/bitcoinj,2013-11-19T04:33:23Z,4853,800
spring-cloud/spring-cloud-netflix,2014-07-11T15:46:12Z,4839,163
andkulikov/Transitions-Everywhere,2014-10-15T03:37:03Z,4829,0
mcxiaoke/packer-ng-plugin,2015-11-24T04:08:08Z,4823,0
jankotek/mapdb,2012-08-17T15:28:54Z,4821,1
citerus/dddsample-core,2015-01-31T23:21:37Z,4803,53
reactor/reactor-core,2015-11-10T10:06:40Z,4800,534
react-native-linear-gradient/react-native-linear-gradient,2015-03-31T17:44:40Z,4798,98
2227324689/gpmall,2019-07-18T14:09:22Z,4785,0
zhanglei-workspace/shopping-management-system,2015-11-16T12:53:21Z,4780,0
alibaba/jetcache,2017-04-12T07:48:23Z,4777,54
nayuki/QR-Code-generator,2016-04-15T02:19:41Z,4775,10
brianfrankcooper/YCSB,2010-04-19T20:52:11Z,4774,0
saiwu-bigkoo/Android-ConvenientBanner,2014-12-23T06:12:33Z,4774,0
traccar/traccar,2012-04-16T08:33:49Z,4756,759
j-easy/easy-rules,2013-03-10T14:38:26Z,4746,0
reactive-streams/reactive-streams-jvm,2014-02-28T13:16:15Z,4738,5
roncoo/roncoo-pay,2016-07-21T02:46:06Z,4733,0
google/cameraview,2016-08-04T05:22:14Z,4732,0
lugg/react-native-config,2016-02-23T00:19:11Z,4730,11
cglib/cglib,2014-03-29T13:48:30Z,4730,1
hongyangAndroid/baseAdapter,2015-08-03T02:55:51Z,4720,0
nisrulz/android-tips-tricks,2016-08-25T20:27:33Z,4711,5
spring-projects/spring-authorization-server,2020-03-17T17:28:57Z,4698,505
orientechnologies/orientdb,2012-12-09T20:33:47Z,4685,741
remkop/picocli,2017-02-01T16:38:41Z,4682,287
Exrick/xpay,2017-12-12T16:11:19Z,4679,0
jagrosh/MusicBot,2016-08-14T18:46:29Z,4673,34
jgilfelt/chuck,2017-02-07T23:51:39Z,4671,0
apache/ignite,2015-02-19T08:00:05Z,4670,482
wdullaer/MaterialDateTimePicker,2015-01-03T19:41:03Z,4666,0
ronmamo/reflections,2013-04-16T16:19:26Z,4655,4
techGay/v9porn,2018-04-12T14:32:04Z,4629,0
pmd/pmd,2012-07-11T18:03:00Z,4629,1978
SplashCodes/JAViewer,2016-05-21T08:47:10Z,4596,0
firebase/FirebaseUI-Android,2015-07-09T17:31:09Z,4586,0
CellularPrivacy/Android-IMSI-Catcher-Detector,2013-11-23T10:04:14Z,4580,7
jeequan/jeepay,2017-08-12T02:40:32Z,4576,77
square/sqlbrite,2015-02-19T04:38:37Z,4574,0
bisq-network/bisq,2014-03-12T09:42:29Z,4573,1009
Fuzion24/JustTrustMe,2014-07-24T23:45:05Z,4568,0
tuguangquan/mybatis,2014-11-03T04:51:06Z,4564,0
runelite/runelite,2016-04-30T20:48:02Z,4548,1162
jdamcd/android-crop,2014-03-13T10:24:43Z,4543,0
querydsl/querydsl,2011-08-05T06:46:32Z,4543,8
puniverse/quasar,2013-03-27T14:51:24Z,4541,0
Flipboard/bottomsheet,2015-04-23T17:37:32Z,4534,0
alibaba/QLExpress,2017-03-15T08:39:54Z,4534,57
DiUS/java-faker,2011-06-06T01:01:21Z,4532,0
javagrowing/JGrowing,2019-02-26T01:55:08Z,4528,0
rstudio/rstudio,2010-12-07T19:10:25Z,4527,2007
castorflex/SmoothProgressBar,2013-11-27T20:32:16Z,4501,0
alibaba/dexposed,2015-06-30T02:59:16Z,4501,0
TheoKanning/openai-java,2020-09-15T02:58:52Z,4500,93
JakeWharton/NineOldAndroids,2011-12-08T19:46:37Z,4499,0
fuzhengwei/small-spring,2021-05-15T06:07:28Z,4488,12
yasserg/crawler4j,2011-12-31T22:49:18Z,4481,0
HotBitmapGG/bilibili-android-client,2016-06-01T04:36:01Z,4481,0
youlookwhat/DesignPattern,2016-10-21T10:59:32Z,4467,0
cjlin1/libsvm,2013-09-10T14:32:07Z,4464,14
zlt2000/microservices-platform,2019-03-07T07:13:37Z,4462,60
stleary/JSON-java,2010-12-21T17:46:09Z,4460,242
dromara/hertzbeat,2022-02-04T14:48:56Z,4441,733
mock-server/mockserver,2013-02-26T06:09:52Z,4441,134
baomidou/dynamic-datasource,2018-04-28T02:32:16Z,4439,90
CaffeineMC/sodium-fabric,2020-02-01T03:04:09Z,4436,454
gsantner/markor,2017-08-26T00:08:35Z,3316,102
Mojang/brigadier,2014-09-15T08:48:24Z,3313,4
WritingMinds/ffmpeg-android-java,2014-09-11T10:12:09Z,3310,0
googlesamples/mlkit,2020-05-28T21:40:38Z,3297,65
chenBingX/SuperTextView,2017-04-17T11:32:41Z,3295,0
Red5/red5-server,2013-11-19T05:04:10Z,3285,63
cinit/QAuxiliary,2022-01-29T06:12:36Z,3263,760
apache/logging-log4j2,2013-06-12T07:00:19Z,3259,1197
java-aodeng/hope-boot,2018-10-17T07:50:48Z,3254,0
UnevenSoftware/LeafPic,2016-01-07T17:24:12Z,3251,0
apache/incubator-kie-optaplanner,2011-02-15T19:38:23Z,3246,330
tangqi92/Android-Tips,2015-09-10T09:01:47Z,3237,0
yacy/yacy_search_server,2015-03-22T12:54:20Z,3234,148
mbechler/marshalsec,2017-05-22T11:43:57Z,3229,0
android-notes/Cockroach,2017-02-14T03:43:51Z,3225,0
pengjianbo/GalleryFinal,2015-09-21T07:01:17Z,3222,0
Aliucord/Aliucord,2021-02-27T16:59:06Z,3217,53
daimajia/AndroidViewHover,2014-08-08T12:04:43Z,3208,0
amitshekhariitbhu/PRDownloader,2017-11-11T19:29:38Z,3200,1
facebookarchive/network-connection-class,2015-03-18T02:16:43Z,3182,0
wix/react-native-notifications,2016-04-06T13:17:44Z,3176,13
nicolasgramlich/AndEngine,2011-11-22T14:20:11Z,3172,0
yangfuhai/afinal,2012-10-17T08:10:00Z,3161,0
mxdldev/android-mvp-mvvm-flytour,2018-12-25T10:42:31Z,3139,0
KeepSafe/ReLinker,2015-10-15T18:23:00Z,3136,0
mmin18/RealtimeBlurView,2016-09-21T15:59:51Z,3134,0
requery/requery,2015-11-14T00:45:31Z,3132,0
airbnb/native-navigation,2016-09-16T17:16:56Z,3128,0
dunwu/javacore,2017-08-18T11:05:08Z,3125,6
zhou-you/RxEasyHttp,2017-06-07T09:33:47Z,3124,0
hitherejoe/animate,2015-11-16T15:06:22Z,3118,0
bastillion-io/Bastillion,2013-02-07T23:11:49Z,3084,78
JackyAndroid/AndroidChromium,2016-07-04T07:28:36Z,3067,0
apache/curator,2014-03-03T08:00:07Z,3064,53
springdoc/springdoc-openapi,2019-07-11T23:08:20Z,3062,257
bethrobson/Head-First-Design-Patterns,2014-04-28T21:04:55Z,3062,0
bytedance/ByteX,2020-01-10T12:20:07Z,3062,0
IrisShaders/Iris,2020-10-22T20:21:12Z,3058,702
yarolegovich/SlidingRootNav,2017-03-26T22:58:48Z,3052,0
KeepSafe/dexcount-gradle-plugin,2015-06-04T03:33:17Z,3051,30
react-native-google-signin/google-signin,2015-08-13T06:13:57Z,3048,41
JackyAndroid/AndroidTVLauncher,2016-03-27T08:59:19Z,3042,0
sofastack/sofa-jarslink,2018-02-02T06:02:09Z,3041,1
yusugomori/DeepLearning,2013-01-01T16:23:53Z,3037,0
xmuSistone/ViewpagerTransition,2016-09-19T05:38:45Z,3037,0
szerhusenBC/jwt-spring-security-demo,2016-03-20T19:16:17Z,3021,0
jgilfelt/android-viewbadger,2011-09-27T22:50:57Z,3020,0
jd-alexander/LikeButton,2015-12-23T17:49:46Z,3013,0
keyboardsurfer/Crouton,2012-08-03T11:04:36Z,3010,0
yui/yuicompressor,2008-12-05T19:13:24Z,3010,0
camunda/zeebe,2016-03-20T03:38:04Z,3003,9759
AdoptOpenJDK/jitwatch,2013-09-30T14:18:17Z,3001,26
ltsopensource/light-task-scheduler,2014-10-24T12:53:14Z,2998,0
kermitt2/grobid,2012-09-13T15:48:54Z,2992,349
facebookarchive/react-native-fbsdk,2015-08-03T17:10:14Z,2991,0
pedrovgs/DraggablePanel,2014-04-13T11:40:54Z,2988,0
wildfly/wildfly,2010-07-08T20:46:07Z,2988,2803
EngineHub/WorldEdit,2010-09-28T08:11:57Z,2976,212
HelloWorld521/Java,2016-12-08T14:01:46Z,2970,0
Tencent/VasDolly,2017-01-19T09:12:31Z,2968,8
jasonross/Nuwa,2015-11-11T14:48:23Z,2964,0
stephanenicolas/robospice,2012-09-19T14:09:37Z,2948,0
HuanTanSheng/EasyPhotos,2017-10-19T03:32:05Z,2939,0
brianway/springmvc-mybatis-learning,2016-03-10T07:29:31Z,2937,0
sublimehq/Packages,2015-06-13T04:17:44Z,2933,186
WeBankFinTech/DataSphereStudio,2019-11-24T13:27:19Z,2930,377
googlesamples/android-vision,2015-07-01T21:40:31Z,2926,0
ngbdf/redis-manager,2018-05-18T06:43:09Z,2909,0
geftimov/android-pathview,2015-01-20T15:21:06Z,2906,0
iwgang/CountdownView,2015-10-12T07:46:28Z,2906,0
AnyListen/tools-ocr,2019-03-22T09:12:25Z,2901,46
javamelody/javamelody,2015-06-21T16:32:48Z,2900,68
Pay-Group/best-pay-sdk,2017-03-03T06:57:32Z,2889,0
liuyangming/ByteTCC,2016-02-12T11:51:14Z,2888,0
prometheus/jmx_exporter,2014-02-25T10:55:39Z,2883,102
udacity/Sunshine-Version-2,2015-03-05T01:48:44Z,2879,0
spring-projects/spring-data-jpa,2010-11-11T21:36:56Z,2879,272
jenkinsci/blueocean-plugin,2016-01-23T18:02:45Z,2874,179
nic-delhi/AarogyaSetu_Android,2020-05-26T17:36:26Z,2874,0
aserbao/AndroidCamera,2018-05-04T09:43:46Z,2873,1
javaee/jersey,2012-05-18T11:38:25Z,2873,0
ManuelPeinado/FadingActionBar,2013-05-25T11:50:00Z,2871,0
SpecialCyCi/AndroidResideMenu,2013-12-14T15:25:49Z,2852,0
w446108264/XhsEmoticonsKeyboard,2015-03-06T02:39:34Z,2850,0
nanchen2251/RxJava2Examples,2017-06-19T05:38:45Z,2847,0
RobotiumTech/robotium,2009-12-10T12:51:14Z,2846,0
xiaojinzi123/Component,2018-08-13T07:12:25Z,2844,14
jprante/elasticsearch-jdbc,2012-06-02T23:17:56Z,2841,0
openaphid/android-flip,2012-05-22T07:48:41Z,2840,0
race604/FlyRefresh,2015-05-28T10:19:34Z,2839,0
saulmm/Android-Material-Examples,2014-10-13T16:13:02Z,2835,0
EverythingMe/overscroll-decor,2015-11-22T11:44:06Z,2828,0
tyzlmjj/PagerBottomTabStrip,2015-08-23T02:35:28Z,2828,0
amitshekhariitbhu/awesome-android-complete-reference,2016-06-15T02:13:26Z,2827,6
JoanZapata/android-pdfview,2012-11-21T16:19:38Z,2824,0
harjot-oberai/MusicDNA,2016-04-30T20:12:34Z,2820,0
SalomonBrys/ANR-WatchDog,2013-07-26T13:29:59Z,2816,0
sunfusheng/StickyHeaderListView,2016-04-22T11:39:25Z,2816,0
CainKernel/CainCamera,2017-07-19T01:44:55Z,2810,0
apache/nutch,2009-05-21T01:17:48Z,2797,92
coderbruis/JavaSourceCodeLearning,2020-06-02T13:34:20Z,3319,0
gsantner/markor,2017-08-26T00:08:35Z,3316,102
Mojang/brigadier,2014-09-15T08:48:24Z,3313,4
WritingMinds/ffmpeg-android-java,2014-09-11T10:12:09Z,3310,0
shekhargulati/99-problems,2015-11-22T05:56:33Z,3306,0
trojan-gfw/igniter,2018-11-08T22:19:03Z,3304,0
grpc-ecosystem/grpc-spring,2016-12-30T09:06:15Z,3298,197
chenBingX/SuperTextView,2017-04-17T11:32:41Z,3295,0
Red5/red5-server,2013-11-19T05:04:10Z,3285,63
fabric8io/kubernetes-client,2015-07-09T15:43:13Z,3280,856
cinit/QAuxiliary,2022-01-29T06:12:36Z,3263,760
java-aodeng/hope-boot,2018-10-17T07:50:48Z,3254,0
UnevenSoftware/LeafPic,2016-01-07T17:24:12Z,3251,0
gouthampradhan/leetcode,2017-03-09T10:30:30Z,3247,0
apache/incubator-kie-optaplanner,2011-02-15T19:38:23Z,3246,330
fesh0r/fernflower,2014-10-03T05:00:15Z,3241,39
tangqi92/Android-Tips,2015-09-10T09:01:47Z,3237,0
yacy/yacy_search_server,2015-03-22T12:54:20Z,3234,148
jfinal/jfinal,2012-04-25T08:48:48Z,3230,10
mbechler/marshalsec,2017-05-22T11:43:57Z,3229,0
android-notes/Cockroach,2017-02-14T03:43:51Z,3225,0
pengjianbo/GalleryFinal,2015-09-21T07:01:17Z,3222,0
Aliucord/Aliucord,2021-02-27T16:59:06Z,3217,53
guoguibing/librec,2014-01-09T16:06:11Z,3216,0
bluelinelabs/LoganSquare,2015-02-17T03:24:12Z,3213,0
daimajia/AndroidViewHover,2014-08-08T12:04:43Z,3208,0
amitshekhariitbhu/PRDownloader,2017-11-11T19:29:38Z,3200,1
bilibili/boxing,2017-01-22T07:04:34Z,3193,0
facebookarchive/network-connection-class,2015-03-18T02:16:43Z,3182,0
wix/react-native-notifications,2016-04-06T13:17:44Z,3176,13
nicolasgramlich/AndEngine,2011-11-22T14:20:11Z,3172,0
amulyakhare/TextDrawable,2014-10-19T09:56:45Z,3163,0
yangfuhai/afinal,2012-10-17T08:10:00Z,3161,0
rom1v/sndcpy,2020-06-09T19:36:57Z,3147,2
WinterChenS/my-site,2018-05-03T09:05:37Z,3145,23
OpenHFT/Chronicle-Queue,2013-06-02T15:11:33Z,3140,314
mxdldev/android-mvp-mvvm-flytour,2018-12-25T10:42:31Z,3139,0
KeepSafe/ReLinker,2015-10-15T18:23:00Z,3136,0
yangchong211/YCAppTool,2017-09-28T07:44:04Z,3136,180
mmin18/RealtimeBlurView,2016-09-21T15:59:51Z,3134,0
requery/requery,2015-11-14T00:45:31Z,3132,0
Marswin/MarsDaemon,2015-12-25T03:21:41Z,3129,0
zhou-you/RxEasyHttp,2017-06-07T09:33:47Z,3124,0
hitherejoe/animate,2015-11-16T15:06:22Z,3118,0
yipianfengye/android-adDialog,2016-08-02T08:00:57Z,3117,0
Tencent/spring-cloud-tencent,2021-07-29T05:12:42Z,3108,128
bastillion-io/Bastillion,2013-02-07T23:11:49Z,3084,78
guolindev/booksource,2016-10-04T02:55:57Z,3080,0
JackyAndroid/AndroidChromium,2016-07-04T07:28:36Z,3067,0
apache/curator,2014-03-03T08:00:07Z,3064,53
springdoc/springdoc-openapi,2019-07-11T23:08:20Z,3062,257
bethrobson/Head-First-Design-Patterns,2014-04-28T21:04:55Z,3062,0
bytedance/ByteX,2020-01-10T12:20:07Z,3062,0
getActivity/Toaster,2018-09-16T05:28:57Z,3052,8
KeepSafe/dexcount-gradle-plugin,2015-06-04T03:33:17Z,3051,30
TNG/ArchUnit,2017-04-21T08:39:20Z,3044,220
ZieIony/Carbon,2015-02-04T23:11:18Z,3044,0
JackyAndroid/AndroidTVLauncher,2016-03-27T08:59:19Z,3042,0
sofastack/sofa-jarslink,2018-02-02T06:02:09Z,3041,1
zwwill/yanxuan-weex-demo,2017-09-05T11:48:42Z,3039,0
yusugomori/DeepLearning,2013-01-01T16:23:53Z,3037,0
xmuSistone/ViewpagerTransition,2016-09-19T05:38:45Z,3037,0
halirutan/IntelliJ-Key-Promoter-X,2017-07-28T22:09:25Z,3026,24
szerhusenBC/jwt-spring-security-demo,2016-03-20T19:16:17Z,3021,0
jgilfelt/android-viewbadger,2011-09-27T22:50:57Z,3020,0
jd-alexander/LikeButton,2015-12-23T17:49:46Z,3013,0
keyboardsurfer/Crouton,2012-08-03T11:04:36Z,3010,0
yui/yuicompressor,2008-12-05T19:13:24Z,3010,0
googlesamples/google-services,2015-05-20T22:45:11Z,3006,0
camunda/zeebe,2016-03-20T03:38:04Z,3003,9759
AdoptOpenJDK/jitwatch,2013-09-30T14:18:17Z,3001,26
kermitt2/grobid,2012-09-13T15:48:54Z,2992,349
facebookarchive/react-native-fbsdk,2015-08-03T17:10:14Z,2991,0
pedrovgs/DraggablePanel,2014-04-13T11:40:54Z,2988,0
wildfly/wildfly,2010-07-08T20:46:07Z,2988,2803
bmelnychuk/AndroidTreeView,2015-02-11T02:48:05Z,2983,0
BruceEckel/OnJava8-Examples,2015-04-20T22:34:50Z,2982,0
EngineHub/WorldEdit,2010-09-28T08:11:57Z,2976,212
HelloWorld521/Java,2016-12-08T14:01:46Z,2970,0
lovetuzitong/MultiImageSelector,2015-04-08T10:12:50Z,2969,0
Tencent/VasDolly,2017-01-19T09:12:31Z,2968,8
jasonross/Nuwa,2015-11-11T14:48:23Z,2964,0
AsamK/signal-cli,2015-05-11T10:49:42Z,2951,376
stephanenicolas/robospice,2012-09-19T14:09:37Z,2948,0
HuanTanSheng/EasyPhotos,2017-10-19T03:32:05Z,2939,0
brianway/springmvc-mybatis-learning,2016-03-10T07:29:31Z,2937,0
sublimehq/Packages,2015-06-13T04:17:44Z,2933,186
WeBankFinTech/DataSphereStudio,2019-11-24T13:27:19Z,2930,377
ngbdf/redis-manager,2018-05-18T06:43:09Z,2909,0
geftimov/android-pathview,2015-01-20T15:21:06Z,2906,0
iwgang/CountdownView,2015-10-12T07:46:28Z,2906,0
AnyListen/tools-ocr,2019-03-22T09:12:25Z,2901,46
javamelody/javamelody,2015-06-21T16:32:48Z,2900,68
Pay-Group/best-pay-sdk,2017-03-03T06:57:32Z,2889,0
liuyangming/ByteTCC,2016-02-12T11:51:14Z,2888,0
qos-ch/logback,2009-08-20T18:48:24Z,2884,132
udacity/Sunshine-Version-2,2015-03-05T01:48:44Z,2879,0
googlearchive/android-Camera2Basic,2014-06-26T15:53:00Z,2879,0
spring-projects/spring-data-jpa,2010-11-11T21:36:56Z,2879,272
TGX-Android/Telegram-X,2021-08-17T17:09:25Z,2878,744
sublimehq/Packages,2015-06-13T04:17:44Z,2933,186
WeBankFinTech/DataSphereStudio,2019-11-24T13:27:19Z,2930,377
janishar/android-mvvm-architecture,2017-07-07T08:34:07Z,2929,2
googlesamples/android-vision,2015-07-01T21:40:31Z,2926,0
iterate-ch/cyberduck,2017-01-20T14:16:34Z,2922,2317
sockeqwe/AdapterDelegates,2015-07-29T11:19:56Z,2917,0
jiajunhui/PlayerBase,2017-03-28T10:19:51Z,2911,0
jenly1314/ZXingLite,2018-08-09T09:27:04Z,2907,22
geftimov/android-pathview,2015-01-20T15:21:06Z,2906,0
iwgang/CountdownView,2015-10-12T07:46:28Z,2906,0
fengjundev/Android-Skin-Loader,2015-07-01T07:36:33Z,2901,0
AnyListen/tools-ocr,2019-03-22T09:12:25Z,2901,46
javamelody/javamelody,2015-06-21T16:32:48Z,2900,68
Pay-Group/best-pay-sdk,2017-03-03T06:57:32Z,2889,0
liuyangming/ByteTCC,2016-02-12T11:51:14Z,2888,0
prometheus/jmx_exporter,2014-02-25T10:55:39Z,2883,102
udacity/Sunshine-Version-2,2015-03-05T01:48:44Z,2879,0
spring-projects/spring-data-jpa,2010-11-11T21:36:56Z,2879,272
OCNYang/Android-Animation-Set,2018-03-23T02:26:50Z,2875,2
jenkinsci/blueocean-plugin,2016-01-23T18:02:45Z,2874,179
nic-delhi/AarogyaSetu_Android,2020-05-26T17:36:26Z,2874,0
aserbao/AndroidCamera,2018-05-04T09:43:46Z,2873,1
javaee/jersey,2012-05-18T11:38:25Z,2873,0
ManuelPeinado/FadingActionBar,2013-05-25T11:50:00Z,2871,0
MarkerHub/vueblog,2020-05-14T01:53:49Z,2864,0
google/binnavi,2015-08-19T12:20:24Z,2858,0
AweiLoveAndroid/CommonDevKnowledge,2017-12-15T03:00:08Z,2857,0
SpecialCyCi/AndroidResideMenu,2013-12-14T15:25:49Z,2852,0
nanchen2251/RxJava2Examples,2017-06-19T05:38:45Z,2847,0
Teevity/ice,2013-06-14T20:56:13Z,2843,0
YahooArchive/anthelion,2015-10-27T00:42:01Z,2840,0
openaphid/android-flip,2012-05-22T07:48:41Z,2840,0
race604/FlyRefresh,2015-05-28T10:19:34Z,2839,0
infinilabs/analysis-pinyin,2012-05-22T10:45:42Z,2837,15
saulmm/Android-Material-Examples,2014-10-13T16:13:02Z,2835,0
jiangqqlmj/FastDev4Android,2015-10-22T05:22:53Z,2833,0
Querz/mcaselector,2018-04-22T22:23:26Z,2831,82
jishenghua/jshERP,2016-09-20T04:51:39Z,2830,494
donglua/PhotoPicker,2015-06-25T16:53:50Z,2830,0
EverythingMe/overscroll-decor,2015-11-22T11:44:06Z,2828,0
amitshekhariitbhu/awesome-android-complete-reference,2016-06-15T02:13:26Z,2827,6
AbrahamCaiJin/CommonUtilLibrary,2017-04-28T06:06:58Z,2826,0
harjot-oberai/MusicDNA,2016-04-30T20:12:34Z,2820,0
eclipse/paho.mqtt.android,2016-02-19T15:44:50Z,2819,1
sunfusheng/StickyHeaderListView,2016-04-22T11:39:25Z,2816,0
CainKernel/CainCamera,2017-07-19T01:44:55Z,2810,0
AltBeacon/android-beacon-library,2014-07-28T13:11:19Z,2810,52
liweiwei1419/LeetCode-Solutions-in-Good-Style,2018-12-10T01:50:09Z,2799,0
docker-java/docker-java,2014-06-02T18:47:31Z,2792,43
square/flow,2013-09-12T22:20:16Z,2790,0
Jzvd/JZVideo,2019-12-05T15:59:47Z,2786,12
pedrovgs/Algorithms,2014-11-09T14:32:33Z,2782,1
ulisesbocchio/jasypt-spring-boot,2015-05-27T14:00:55Z,2772,0
jOOQ/jOOR,2011-12-29T17:01:00Z,2772,7
DataLinkDC/dinky,2021-06-09T07:11:26Z,2770,1038
Neamar/KISS,2012-10-02T16:03:43Z,2770,384
JakeWharton/scalpel,2014-01-06T17:26:01Z,2769,0
mybatis/spring,2013-02-17T07:01:55Z,2768,274
osmdroid/osmdroid,2014-03-06T19:03:48Z,2767,23
MagicMashRoom/SuperCalendar,2017-05-11T12:28:51Z,2761,0
airbnb/airpal,2014-05-05T18:51:30Z,2760,0
zmxv/react-native-sound,2015-10-19T06:22:23Z,2760,2
javahuang/SurveyKing,2021-09-06T13:34:14Z,2758,10
brianway/webporter,2016-11-24T04:44:44Z,2758,0
sanshengshui/netty-learning-example,2018-09-18T05:45:24Z,2755,0
oguzbilgener/CircularFloatingActionMenu,2014-07-20T20:42:12Z,2748,0
apache/avro,2009-05-21T02:48:37Z,2748,689
Nightonke/WoWoViewPager,2016-03-03T04:29:28Z,2748,0
jjoe64/GraphView,2011-07-04T13:25:41Z,2748,0
Tencent/MSEC,2016-11-28T01:50:35Z,2746,0
chanjarster/weixin-java-tools,2014-08-18T08:11:26Z,2740,0
spring-attic/spring-native,2019-09-05T23:40:14Z,2740,11
Hitomis/transferee,2017-01-19T05:49:30Z,2736,0
flavioarfaria/KenBurnsView,2014-03-19T03:10:02Z,2735,0
apache/maven-mvnd,2019-09-21T17:49:30Z,2734,119
AnySoftKeyboard/AnySoftKeyboard,2012-04-18T12:38:01Z,2733,549
sucese/android-open-source-project-analysis,2017-02-24T02:10:48Z,2732,0
kabouzeid/Phonograph,2015-03-05T15:28:53Z,2731,0
ac-pm/Inspeckage,2016-02-28T22:59:51Z,2728,0
amitshekhariitbhu/android-developer-roadmap,2019-07-28T19:16:36Z,2725,2
widdix/aws-cf-templates,2015-10-28T07:47:59Z,2725,94
Meituan-Dianping/Zebra,2016-08-19T07:36:09Z,2722,0
zaiyunduan123/springboot-seckill,2018-05-18T03:29:21Z,2714,0
openid/AppAuth-Android,2016-02-19T15:09:43Z,2713,7
spring-projects/spring-loaded,2012-12-06T23:17:42Z,2712,0
florent37/ViewAnimator,2015-12-22T15:49:53Z,2703,0
C2SP/wycheproof,2016-11-08T20:56:25Z,2702,210
deano2390/MaterialShowcaseView,2015-08-05T14:47:59Z,2701,0
glomadrian/Grav,2017-04-01T09:16:27Z,2690,0
google/truth,2011-06-22T18:55:12Z,2689,174
500px/500px-android-blur,2015-03-13T16:05:30Z,2688,0
code-troopers/android-betterpickers,2013-03-21T01:45:18Z,2682,0
r0adkll/Slidr,2014-08-19T01:32:08Z,2679,1
LuckyZXL2016/Movie_Recommend,2018-04-18T15:42:28Z,2677,0
Krupen/FabulousFilter,2017-06-26T11:36:38Z,2677,12
simple-android-framework/android_design_patterns_analysis,2015-02-28T06:18:40Z,2676,1
JohnPersano/SuperToasts,2013-06-03T00:56:14Z,2675,0
jfeinstein10/JazzyViewPager,2013-02-01T04:57:42Z,2671,0
WhatsApp/stickers,2018-04-24T18:23:51Z,2668,0
Wisser/Jailer,2011-06-20T13:28:18Z,2668,688
find-sec-bugs/find-sec-bugs,2012-05-17T04:07:57Z,2194,31
HotswapProjects/HotswapAgent,2013-11-20T16:15:13Z,2190,204
tlaplus/tlaplus,2016-02-02T08:48:27Z,2189,192
harjot-oberai/MaterialShadows,2017-05-28T08:56:30Z,2186,0
manifold-systems/manifold,2017-06-07T02:37:23Z,2185,326
anjlab/android-inapp-billing-v3,2013-09-10T10:04:16Z,2183,2
l123456789jy/Lazy,2015-12-24T10:01:17Z,2178,0
unofficial-openjdk/openjdk,2012-08-09T20:39:52Z,2172,0
Fox2Code/FoxMagiskModuleManager,2021-10-01T15:33:55Z,2172,320
gjiazhe/PanoramaImageView,2016-12-21T03:06:25Z,2169,0
jimmysuncpt/Algorithms,2016-10-19T08:23:45Z,2169,0
reneargento/algorithms-sedgewick-wayne,2016-11-27T17:54:25Z,2168,30
shyiko/mysql-binlog-connector-java,2013-07-11T15:05:22Z,2166,0
niorgai/StatusBarCompat,2016-03-21T03:06:13Z,2165,0
Aefyr/SAI,2018-12-14T19:22:27Z,2163,0
mymmsc/books,2015-02-08T08:31:19Z,2162,8
square/mortar,2013-11-09T00:01:50Z,2159,0
Azure/azure-sdk-for-java,2011-12-06T23:33:56Z,2159,3609
commonmark/commonmark-java,2015-07-22T01:08:55Z,2157,90
android-cjj/BeautifulRefreshLayout,2015-08-05T10:02:40Z,2157,0
UniversalMediaServer/UniversalMediaServer,2012-06-07T22:23:22Z,2156,770
sharpie7/circuitjs1,2015-06-15T02:11:14Z,2155,0
avast/android-styled-dialogs,2013-05-25T07:35:52Z,2153,0
SkyTubeTeam/SkyTube,2015-11-20T11:48:20Z,2149,287
xfumihiro/ViewInspector,2015-10-18T11:38:36Z,2147,0
jgilfelt/android-sqlite-asset-helper,2011-12-06T18:41:57Z,2146,0
bucket4j/bucket4j,2014-10-12T14:19:18Z,2145,174
xubinux/xbin-store,2017-02-26T04:19:53Z,2145,0
siwangqishiq/ImageEditor-Android,2015-08-10T03:09:30Z,2144,0
AndroidKnife/RxBus,2015-11-25T10:36:57Z,2141,0
lamster2018/EasyProtector,2018-05-14T13:33:42Z,2141,1
HdrHistogram/HdrHistogram,2012-09-11T00:14:02Z,2139,7
xiaohaibin/XBanner,2016-09-13T08:26:29Z,2135,0
bcgit/bc-java,2013-06-01T02:38:42Z,2135,1302
warkiz/IndicatorSeekBar,2017-10-30T16:48:53Z,2132,0
prometheus/client_java,2013-02-03T22:55:49Z,2123,141
jobrunr/jobrunr,2020-04-02T17:34:11Z,2119,280
toolbox4minecraft/amidst,2015-12-30T19:32:21Z,2118,0
nekocode/CameraFilter,2016-08-05T09:38:22Z,2115,0
RikkaApps/Sui,2021-01-03T08:26:16Z,2112,16
SherlockGougou/BigImageViewPager,2018-05-21T10:11:44Z,2111,34
mthli/Knife,2015-12-09T01:53:30Z,2107,0
cymcsg/UltimateAndroid,2014-06-10T01:42:20Z,2106,0
ityouknow/spring-boot-leaning,2017-10-30T09:37:28Z,2105,0
twitter-archive/commons,2011-03-01T00:10:02Z,2104,0
subhra74/snowflake,2019-08-29T18:20:52Z,2102,0
corretto/corretto-8,2018-11-07T19:49:10Z,2089,430
PeterCxy/Shelter,2018-08-20T09:55:06Z,2089,55
Naccl/NBlog,2020-07-18T12:33:00Z,2086,20
eleme/lancet,2017-04-20T09:37:29Z,2083,0
tvbarthel/BlurDialogFragment,2014-08-09T17:15:04Z,2083,0
google/santa-tracker-android,2015-03-23T23:58:50Z,2083,0
Muddz/StyleableToast,2017-01-26T15:28:29Z,2080,0
spring-io/start.spring.io,2018-11-07T08:32:23Z,2080,935
shatyuka/Zhiliao,2020-11-09T07:17:35Z,2075,46
speedment/speedment,2015-01-19T16:41:52Z,2075,11
noear/solon,2018-07-07T13:23:50Z,2075,3113
Minestom/Minestom,2019-08-03T13:22:27Z,2072,280
M66B/XPrivacy,2013-05-26T14:08:37Z,2072,0
apache/ambari,2011-09-23T07:00:08Z,2069,65
FabricMC/fabric,2018-11-04T09:02:05Z,2068,307
SonicCloudOrg/sonic-agent,2021-08-16T01:58:11Z,2067,302
reark/reark,2013-12-28T12:09:31Z,2065,0
baoyongzhang/android-PullRefreshLayout,2014-11-01T09:50:10Z,2064,0
JetBrains/intellij-plugins,2012-08-17T14:31:20Z,2064,2338
DreamCats/java-notes,2019-03-09T05:23:03Z,2060,0
DozerMapper/dozer,2012-01-23T21:11:58Z,2057,16
aws/aws-sdk-java-v2,2017-06-23T18:56:01Z,2055,3674
henninghall/react-native-date-picker,2018-04-08T18:31:00Z,2051,80
yangzongzhuan/RuoYi-Vue,2019-11-07T02:18:40Z,2045,175
Qihoo360/Quicksql,2019-01-04T10:06:25Z,2045,0
scouter-project/scouter,2015-06-04T01:19:31Z,2043,52
CarpenterLee/JavaLambdaInternals,2016-10-13T12:47:26Z,2041,0
fossasia/pslab-android,2017-03-28T16:03:15Z,2040,17
bonnyfone/vectalign,2015-09-03T21:32:10Z,2032,0
Jude95/EasyRecyclerView,2015-07-18T13:11:48Z,2029,0
gzu-liyujiang/Android_CN_OAID,2020-05-29T21:47:28Z,2029,45
Ramotion/expanding-collection-android,2016-10-06T13:30:26Z,2028,0
apache/rocketmq-spring,2018-10-15T06:07:53Z,2018,49
wuyr/PathLayoutManager,2018-05-26T16:48:22Z,2017,0
mc1arke/sonarqube-community-branch-plugin,2019-03-04T19:24:36Z,2007,61
DTStack/flinkStreamSQL,2018-09-12T05:51:37Z,2004,0
protostuff/protostuff,2014-01-20T01:22:51Z,1998,0
TakahikoKawasaki/nv-websocket-client,2015-03-26T08:56:56Z,1997,0
XunMengWinter/CircularAnim,2016-07-20T07:52:07Z,1997,0
liuyubobobo/Play-with-Data-Structures,2018-03-21T08:16:18Z,1994,0
crazyqiang/AndroidStudy,2016-12-16T06:32:56Z,1994,59
romainpiel/Shimmer-android,2014-03-06T16:54:23Z,1991,0
DreamOfTheRedChamber/system-design-interviews,2016-11-01T17:13:52Z,1986,22
WangShuo1143368701/WSLiveDemo,2018-02-27T06:10:53Z,1985,0
unclebob/fitnesse,2008-12-06T19:38:59Z,1983,40
nkzawa/socket.io-android-chat,2015-01-10T19:13:13Z,1982,0
card-io/card.io-Android-SDK,2013-06-11T17:27:45Z,1981,0
Mr-xn/RedTeam_BlueTeam_HW,2020-12-07T13:15:49Z,1980,21
tjerkw/Android-SlideExpandableListView,2012-06-22T20:28:16Z,1979,0
iSafeBlue/TrackRay,2018-10-29T12:13:23Z,1977,0
webbukkit/dynmap,2010-12-27T18:47:24Z,1976,146
florent37/ExpansionPanel,2018-01-05T13:21:53Z,1975,0
youlaitech/youlai-mall,2020-03-01T02:19:27Z,1974,159
google/copybara,2016-09-08T16:44:40Z,1973,407
cyrilmottier/GreenDroid,2010-05-08T20:31:52Z,2582,0
Haleydu/Cimoc,2020-07-09T03:09:02Z,2581,0
prontera/spring-cloud-rest-tcc,2015-12-04T06:20:38Z,2577,0
fossasia/phimpme-android,2012-09-07T07:14:54Z,2577,0
Kyson/AndroidGodEye,2017-11-23T13:10:47Z,2575,0
apache/incubator-fury,2023-04-28T03:57:00Z,2569,790
googlearchive/android-ConstraintLayoutExamples,2017-03-02T00:11:54Z,2566,0
mxn21/FlowingDrawer,2015-08-14T12:29:05Z,2566,0
bytedeco/javacpp-presets,2014-04-21T13:19:55Z,2561,90
Kong/unirest-java,2011-04-11T21:19:53Z,2555,220
katzer/cordova-plugin-local-notifications,2013-08-10T11:25:59Z,2555,5
RaiMan/SikuliX1,2018-03-07T15:34:13Z,2550,12
ag2s20150909/TTS,2021-05-09T07:38:35Z,2544,0
aicareles/Android-BLE,2016-11-29T06:15:08Z,2544,0
AigeStudio/WheelPicker,2015-12-01T11:57:33Z,2544,0
iReaderAndroid/X2C,2018-08-22T03:58:59Z,2538,0
Guardsquare/proguard,2019-03-27T16:35:35Z,2535,58
apache/netbeans,2017-09-01T07:00:11Z,2532,1994
starcwang/easy_javadoc,2019-08-24T05:30:38Z,2532,33
assertj/assertj,2013-03-14T16:18:49Z,2529,445
Azoft/CarouselLayoutManager,2016-03-30T09:57:49Z,2527,0
android/animation-samples,2019-08-08T04:45:57Z,2526,6
mcxtzhang/ZLayoutManager,2016-10-27T07:12:49Z,2522,0
elye/loaderviewlibrary,2016-08-26T03:16:03Z,2517,0
iPaulPro/Android-ItemTouchHelper-Demo,2015-06-14T22:08:17Z,2513,0
TencentCloud/TIMSDK,2019-01-17T07:35:20Z,2512,414
nutzam/nutz,2011-06-10T01:25:43Z,2509,6
Zomato/AndroidPhotoFilters,2016-06-10T10:23:49Z,2508,0
javaee-samples/javaee7-samples,2013-08-27T18:47:51Z,2507,0
zjw-swun/AppMethodOrder,2017-03-25T17:21:29Z,2503,0
liyiorg/weixin-popular,2014-04-22T07:22:27Z,2500,0
fossasia/susi_server,2016-09-14T20:21:09Z,2500,0
yanzhenjie/Album,2016-11-02T00:49:15Z,2499,0
wkeyuan/DWSurvey,2017-06-11T06:54:35Z,2496,7
reactor/reactor-netty,2016-08-18T20:58:56Z,2496,778
apache/logging-flume,2011-08-12T18:20:14Z,2496,42
oasisfeng/condom,2017-03-26T07:20:54Z,2488,5
xtuhcy/gecco,2015-12-12T12:41:00Z,2487,3
SonicCloudOrg/sonic-server,2021-08-15T14:36:57Z,2487,244
nico2sh/materialish-progress,2014-11-15T14:32:25Z,2483,0
eclipsesource/J2V8,2014-08-03T17:29:54Z,2483,0
nanchen2251/CompressHelper,2017-03-16T07:20:08Z,2482,0
houbb/sensitive-word,2020-01-07T03:10:44Z,2480,44
litao0621/NiftyDialogEffects,2014-07-31T08:31:54Z,2479,0
drewnoakes/metadata-extractor,2014-11-19T00:13:55Z,2478,65
2dxgujun/AndroidTagGroup,2015-02-10T07:42:57Z,2477,0
alibaba/yugong,2016-03-02T07:31:00Z,2476,0
Swagger2Markup/swagger2markup,2015-02-11T11:09:32Z,2475,0
LaiFeng-Android/SopCastComponent,2016-12-06T06:43:32Z,2475,0
johannilsson/android-pulltorefresh,2011-01-09T11:12:41Z,2472,0
huaban/jieba-analysis,2013-08-06T02:57:02Z,2472,2
JakeWharton/RxRelay,2015-12-29T05:33:22Z,2472,0
MoRan1607/BigDataGuide,2019-11-30T12:02:52Z,2470,199
jdsjlzx/LRecyclerView,2016-05-19T10:12:08Z,2469,0
githubwing/ZoomHeader,2016-12-06T12:45:56Z,2469,0
konsoletyper/teavm,2013-09-23T20:04:15Z,2468,399
daimajia/AnimationEasingFunctions,2014-06-29T07:02:38Z,2467,0
JakeWharton/Telecine,2014-10-22T09:39:53Z,2467,0
bonigarcia/webdrivermanager,2015-03-15T19:52:36Z,2461,479
square/tape,2012-09-10T06:18:49Z,2459,0
lbryio/lbry-android,2017-08-13T01:04:41Z,2452,0
Jay-Goo/RangeSeekBar,2017-02-08T07:40:56Z,2450,0
welk1n/JNDI-Injection-Exploit,2019-10-10T01:53:49Z,2448,0
geekidea/spring-boot-plus,2019-06-20T08:06:08Z,2442,69
saulmm/Material-Movies,2015-01-31T09:52:23Z,2438,0
Netflix/archaius,2012-05-11T00:07:05Z,2437,140
iammert/MaterialIntroView,2016-01-30T13:08:17Z,2436,0
linkedin/rest.li,2012-11-30T19:37:51Z,2435,90
88250/symphony,2019-12-01T10:34:32Z,2434,11
BaronZ88/MinimalistWeather,2016-04-07T08:14:27Z,2431,0
WindySha/Xpatch,2019-03-03T09:00:43Z,2427,1
hierynomus/sshj,2010-02-27T14:34:40Z,2424,33
caoxinyu/RedisClient,2014-05-13T09:30:23Z,2423,0
deeplearning4j/deeplearning4j-examples,2015-08-24T15:17:43Z,2415,3
konifar/android-material-design-icon-generator-plugin,2014-12-30T17:01:03Z,2413,0
PlayEdu/PlayEdu,2023-02-23T01:34:06Z,2413,445
lealone/Lealone,2013-01-08T13:57:08Z,2408,600
Chora10/Cknife,2016-02-18T02:58:01Z,2407,0
http-kit/http-kit,2012-03-13T00:51:18Z,2407,103
alibaba/jvm-sandbox-repeater,2019-07-03T08:12:04Z,2404,0
AhmadElsagheer/Competitive-programming-library,2016-05-29T16:04:20Z,2403,0
awsdocs/aws-lambda-developer-guide,2017-12-12T00:13:19Z,2402,77
Comcast/FreeFlow,2013-10-08T18:13:33Z,2400,0
vector4wang/spring-boot-quick,2017-03-13T12:32:30Z,2398,55
wuxudong/react-native-charts-wrapper,2017-03-03T07:58:57Z,2396,11
doublechaintech/scm-biz-suite,2018-12-17T18:07:12Z,2396,12
yqritc/RecyclerView-FlexibleDivider,2015-01-15T15:09:34Z,2394,0
hefuyicoder/ListenerMusicPlayer,2017-02-09T10:01:31Z,2392,0
xmuSistone/CardSlidePanel,2015-11-29T11:03:52Z,2391,0
sofastack/sofa-bolt,2018-04-09T03:29:36Z,2385,11
erupts/erupt,2020-09-15T13:30:13Z,2383,305
VictorAlbertos/RxCache,2016-01-10T23:49:22Z,2381,0
apache/parquet-mr,2014-06-10T07:00:07Z,2380,228
limboemu/limbo,2016-02-13T09:05:37Z,2379,0
alibaba/TProfiler,2012-04-17T03:46:16Z,2379,0
grishka/Houseclub,2021-02-20T10:49:53Z,2378,0
googlemaps-samples/android-samples,2015-04-22T02:35:21Z,2377,256
logfellow/logstash-logback-encoder,2013-03-04T16:19:08Z,2374,80
pac4j/pac4j,2012-01-28T17:04:12Z,2371,761
atomashpolskiy/bt,2016-05-15T19:56:23Z,2368,1
